language,run,exec_time_sec,peak_memory_mb
Python,1,1.711364507675171,97.515625
Python,2,1.6891872882843018,97.515625
Python,3,1.6626858711242676,97.515625
Python,4,1.6647191047668457,97.515625
Python,5,1.7382233142852783,97.515625
Python,6,1.668973445892334,97.515625
Python,7,1.6694731712341309,97.515625
Python,8,1.6776435375213623,97.515625
Python,9,1.7089087963104248,97.515625
Python,10,1.678567886352539,97.515625
Python,11,1.7219741344451904,97.515625
Python,12,1.6874175071716309,97.515625
Python,13,1.6679599285125732,97.515625
Python,14,1.7017958164215088,97.515625
Python,15,1.6993951797485352,97.515625
Python,16,1.670107126235962,97.515625
Python,17,1.6777546405792236,97.515625
Python,18,1.6730525493621826,97.515625
Python,19,1.691293716430664,97.515625
Python,20,1.6807074546813965,97.515625
Python,21,1.6859369277954102,97.515625
Python,22,1.7126281261444092,97.515625
Python,23,1.690685510635376,97.515625
Python,24,1.6723055839538574,97.515625
Python,25,1.6701509952545166,97.515625
Python,26,1.6798648834228516,97.515625
Python,27,1.6800096035003662,97.515625
Python,28,1.6768629550933838,97.515625
Python,29,1.6619679927825928,97.515625
Python,30,1.673567295074463,97.515625
Python,31,1.670633316040039,97.515625
Python,32,1.6801214218139648,97.515625
Python,33,1.7008624076843262,97.515625
Python,34,1.6659090518951416,97.515625
Python,35,1.6920151710510254,97.515625
Python,36,1.7046191692352295,97.515625
Python,37,1.6799862384796143,97.515625
Python,38,1.6747195720672607,97.515625
Python,39,1.6612582206726074,97.515625
Python,40,1.6791105270385742,97.515625
Python,41,1.7383534908294678,97.515625
Python,42,1.7081246376037598,97.515625
Python,43,1.6892421245574951,97.515625
Python,44,1.695143222808838,97.515625
Python,45,1.6884968280792236,97.640625
Python,46,1.7135984897613525,97.640625
Python,47,1.6753041744232178,97.640625
Python,48,1.6589593887329102,97.640625
Python,49,1.7200696468353271,97.640625
Python,50,1.712923526763916,97.640625
Python,51,1.6821725368499756,97.640625
Python,52,1.7107269763946533,97.640625
Python,53,1.706212043762207,97.640625
Python,54,1.689298152923584,97.640625
Python,55,1.7180180549621582,97.640625
Python,56,1.695033073425293,97.640625
Python,57,1.6725835800170898,97.640625
Python,58,1.6827754974365234,97.640625
Python,59,1.693629503250122,97.640625
Python,60,1.6994943618774414,97.640625
Python,61,1.6706476211547852,97.640625
Python,62,1.6697578430175781,97.640625
Python,63,1.6667077541351318,97.640625
Python,64,1.6884567737579346,97.640625
Python,65,1.6839649677276611,97.640625
Python,66,1.698960542678833,97.640625
Python,67,1.6706171035766602,97.640625
Python,68,1.6755173206329346,97.640625
Python,69,1.7218430042266846,97.640625
Python,70,1.6793744564056396,97.640625
Python,71,1.676473617553711,97.640625
Python,72,1.6890020370483398,97.640625
Python,73,1.6826555728912354,97.640625
Python,74,1.679276943206787,97.640625
Python,75,1.6865894794464111,97.640625
Python,76,1.6900758743286133,97.640625
Python,77,1.6822752952575684,97.640625
Python,78,1.7606701850891113,97.640625
Python,79,1.6929054260253906,97.640625
Python,80,1.681370735168457,97.640625
Python,81,1.7063813209533691,97.640625
Python,82,1.6875059604644775,97.640625
Python,83,1.673457384109497,97.640625
Python,84,1.698474407196045,97.640625
Python,85,1.6930954456329346,97.640625
Python,86,1.694030523300171,97.640625
Python,87,1.6732468605041504,97.640625
Python,88,1.677532434463501,97.640625
Python,89,1.6511139869689941,97.640625
Python,90,1.6809582710266113,97.640625
Python,91,1.6879596710205078,97.640625
Python,92,1.6798796653747559,97.640625
Python,93,1.6987826824188232,97.640625
Python,94,1.6706724166870117,97.640625
Python,95,1.659987449645996,97.640625
Python,96,1.6595542430877686,97.640625
Python,97,1.671623945236206,97.640625
Python,98,1.6673500537872314,97.640625
Python,99,1.677243947982788,97.640625
Python,100,1.6790306568145752,97.640625
Python,101,1.679366111755371,97.640625
Python,102,1.671825885772705,97.640625
Python,103,1.6827921867370605,97.640625
Python,104,1.6730146408081055,97.640625
Python,105,1.6650872230529785,97.640625
Python,106,1.6840095520019531,97.640625
Python,107,1.6721217632293701,97.640625
Python,108,1.7037432193756104,97.640625
Python,109,1.6975953578948975,97.640625
Python,110,1.6717495918273926,97.640625
Python,111,1.6914546489715576,97.640625
Python,112,1.6764249801635742,97.640625
Python,113,1.686107873916626,97.640625
Python,114,1.6648633480072021,97.640625
Python,115,1.7474818229675293,97.640625
Python,116,1.6800713539123535,97.640625
Python,117,1.6741018295288086,97.640625
Python,118,1.6763496398925781,97.640625
Python,119,1.6741909980773926,97.640625
Python,120,1.695751428604126,97.640625
Python,121,1.7023403644561768,97.640625
Python,122,1.6904881000518799,97.640625
Python,123,1.6753871440887451,97.640625
Python,124,1.670767068862915,97.640625
Python,125,1.6836614608764648,97.640625
Python,126,1.691537857055664,97.640625
Python,127,1.669518232345581,97.640625
Python,128,1.6761744022369385,97.640625
Python,129,1.6970021724700928,97.640625
Python,130,1.688380479812622,97.640625
Python,131,1.69781494140625,97.640625
Python,132,1.6755719184875488,97.640625
Python,133,1.6896343231201172,97.640625
Python,134,1.6651973724365234,97.640625
Python,135,1.674807071685791,97.640625
Python,136,1.6739037036895752,97.640625
Python,137,1.669898271560669,97.640625
Python,138,1.6784584522247314,97.640625
Python,139,1.660691499710083,97.640625
Python,140,1.6809396743774414,97.640625
Python,141,1.6811127662658691,97.640625
Python,142,1.6941981315612793,97.640625
Python,143,1.6653311252593994,97.640625
Python,144,1.6836216449737549,97.640625
Python,145,1.6896426677703857,97.640625
Python,146,1.6689715385437012,97.640625
Python,147,1.661851406097412,97.640625
Python,148,1.6553075313568115,97.640625
Python,149,1.6664931774139404,97.640625
Python,150,1.6462950706481934,97.640625
Python,151,1.6691288948059082,97.640625
Python,152,1.7518765926361084,97.640625
Python,153,1.685410976409912,97.640625
Python,154,1.6825315952301025,97.640625
Python,155,1.6588671207427979,97.640625
Python,156,1.6977298259735107,97.640625
Python,157,1.666693925857544,97.640625
Python,158,1.6809897422790527,97.640625
Python,159,1.6797821521759033,97.640625
Python,160,1.6815142631530762,97.640625
Python,161,1.7074410915374756,97.640625
Python,162,1.6865594387054443,97.765625
Python,163,1.6566188335418701,97.765625
Python,164,1.7050566673278809,97.765625
Python,165,1.6762654781341553,97.765625
Python,166,1.6747710704803467,97.765625
Python,167,1.6616206169128418,97.765625
Python,168,1.66243577003479,97.765625
Python,169,1.6621687412261963,97.765625
Python,170,1.6779117584228516,97.765625
Python,171,1.6745247840881348,97.765625
Python,172,1.669018268585205,97.765625
Python,173,1.6775438785552979,97.765625
Python,174,1.6676092147827148,97.765625
Python,175,1.6682398319244385,97.765625
Python,176,1.672743558883667,97.765625
Python,177,1.6663141250610352,97.765625
Python,178,1.673797845840454,97.765625
Python,179,1.6771361827850342,97.765625
Python,180,1.6720118522644043,97.765625
Python,181,1.6769237518310547,97.765625
Python,182,1.691612958908081,97.765625
Python,183,1.680220127105713,97.765625
Python,184,1.6885888576507568,97.765625
Python,185,1.6851294040679932,97.765625
Python,186,1.6643152236938477,97.765625
Python,187,1.664790153503418,97.765625
Python,188,1.716587781906128,97.765625
Python,189,1.6732633113861084,97.765625
Python,190,1.6957659721374512,97.765625
Python,191,1.6959290504455566,97.765625
Python,192,1.6872944831848145,97.765625
Python,193,1.6796224117279053,97.765625
Python,194,1.69061279296875,97.765625
Python,195,1.6827399730682373,97.765625
Python,196,1.6928255558013916,97.765625
Python,197,1.722219705581665,97.765625
Python,198,1.6954865455627441,97.765625
Python,199,1.7334036827087402,97.765625
Python,200,2.036958932876587,97.765625
Python,201,1.896383285522461,97.765625
Python,202,1.967193365097046,97.765625
Python,203,2.0056891441345215,97.765625
Python,204,2.0649659633636475,97.765625
Python,205,2.0495593547821045,97.765625
Python,206,2.0400099754333496,97.765625
Python,207,2.0070197582244873,97.765625
Python,208,2.0487396717071533,97.765625
Python,209,2.003253221511841,97.765625
Python,210,2.0736465454101562,97.765625
Python,211,2.111069917678833,97.765625
Python,212,2.018021821975708,97.765625
Python,213,2.0348308086395264,97.765625
Python,214,1.9839951992034912,97.765625
Python,215,2.0337653160095215,97.765625
Python,216,1.9344117641448975,97.765625
Python,217,1.7323439121246338,97.765625
Python,218,1.8699615001678467,97.765625
Python,219,2.010850191116333,97.765625
Python,220,2.0491042137145996,97.765625
Python,221,2.1013665199279785,97.765625
Python,222,1.7237193584442139,97.765625
Python,223,1.6831715106964111,97.765625
Python,224,1.6663424968719482,97.765625
Python,225,1.7073314189910889,97.765625
Python,226,1.7574479579925537,97.765625
Python,227,1.693803310394287,97.765625
Python,228,1.6670520305633545,97.765625
Python,229,1.7213459014892578,97.765625
Python,230,1.7156975269317627,97.765625
Python,231,1.6840434074401855,97.765625
Python,232,1.7051630020141602,97.765625
Python,233,1.6894617080688477,97.765625
Python,234,1.6795098781585693,97.765625
Python,235,1.6598162651062012,97.765625
Python,236,1.667191982269287,97.765625
Python,237,1.690659999847412,97.765625
Python,238,1.7142081260681152,97.765625
Python,239,1.6992783546447754,97.765625
Python,240,1.6696629524230957,97.765625
Python,241,1.6872360706329346,97.765625
Python,242,1.6887199878692627,97.765625
Python,243,1.6865355968475342,97.765625
Python,244,1.7065064907073975,97.765625
Python,245,1.7085371017456055,97.765625
Python,246,1.6671428680419922,97.765625
Python,247,1.7166268825531006,97.765625
Python,248,1.6684668064117432,97.765625
Python,249,1.662409782409668,97.765625
Python,250,1.6559178829193115,97.765625
Python,251,1.6703732013702393,97.765625
Python,252,1.6659188270568848,97.765625
Python,253,1.662872076034546,97.765625
Python,254,1.6739201545715332,97.765625
Python,255,1.6922104358673096,97.765625
Python,256,1.7127737998962402,97.765625
Python,257,1.7587339878082275,97.765625
Python,258,1.685312032699585,97.765625
Python,259,1.6887447834014893,97.765625
Python,260,1.680720567703247,97.765625
Python,261,1.7022850513458252,97.765625
Python,262,1.711625099182129,97.765625
Python,263,1.688737392425537,97.765625
Python,264,1.684342384338379,97.765625
Python,265,1.6830613613128662,97.765625
Python,266,1.6916863918304443,97.765625
Python,267,1.6903903484344482,97.765625
Python,268,1.6786730289459229,97.765625
Python,269,1.6740057468414307,97.765625
Python,270,1.7018275260925293,97.765625
Python,271,1.7176854610443115,97.765625
Python,272,1.6978089809417725,97.765625
Python,273,1.681962251663208,97.765625
Python,274,1.6913683414459229,97.765625
Python,275,1.68910813331604,97.765625
Python,276,1.6741061210632324,97.765625
Python,277,1.6794490814208984,97.765625
Python,278,1.6767003536224365,97.765625
Python,279,1.677466869354248,97.765625
Python,280,1.6777143478393555,97.765625
Python,281,1.717203140258789,97.765625
Python,282,1.7096729278564453,97.765625
Python,283,1.6899728775024414,97.765625
Python,284,1.6843070983886719,97.765625
Python,285,1.7011446952819824,97.765625
Python,286,1.6770849227905273,97.765625
Python,287,1.673494577407837,97.765625
Python,288,1.668452262878418,97.765625
Python,289,1.6646995544433594,97.765625
Python,290,1.6672515869140625,97.765625
Python,291,1.69624662399292,97.765625
Python,292,1.6846144199371338,97.765625
Python,293,1.6536953449249268,97.765625
Python,294,1.7538785934448242,97.765625
Python,295,1.6924724578857422,97.765625
Python,296,1.6631569862365723,97.765625
Python,297,1.7083508968353271,97.765625
Python,298,1.6810455322265625,97.765625
Python,299,1.6651430130004883,97.765625
Python,300,1.678309440612793,97.765625
Python,301,1.6909570693969727,97.765625
Python,302,1.6783154010772705,97.765625
Python,303,1.7235379219055176,97.765625
Python,304,1.701007604598999,97.765625
Python,305,1.6882164478302002,97.765625
Python,306,1.6976332664489746,97.765625
Python,307,1.675687313079834,97.765625
Python,308,1.6896302700042725,97.765625
Python,309,1.668220043182373,97.765625
Python,310,1.6772518157958984,97.765625
Python,311,1.6854887008666992,97.765625
Python,312,1.7018580436706543,97.765625
Python,313,1.7828445434570312,97.765625
Python,314,1.7095856666564941,97.765625
Python,315,1.6772289276123047,97.765625
Python,316,1.7005410194396973,97.765625
Python,317,1.6634206771850586,97.765625
Python,318,1.6906850337982178,97.765625
Python,319,1.6945102214813232,97.765625
Python,320,1.6738770008087158,97.765625
Python,321,1.707840919494629,97.765625
Python,322,1.6812849044799805,97.765625
Python,323,1.6738405227661133,97.765625
Python,324,1.667149543762207,97.765625
Python,325,1.6579880714416504,97.765625
Python,326,1.6725831031799316,97.765625
Python,327,1.7004742622375488,97.765625
Python,328,1.6763322353363037,97.765625
Python,329,1.6738779544830322,97.765625
Python,330,1.6679151058197021,97.765625
Python,331,1.727733850479126,97.765625
Python,332,1.6751410961151123,97.765625
Python,333,1.6760516166687012,97.765625
Python,334,1.684150218963623,97.765625
Python,335,1.6946492195129395,97.765625
Python,336,1.6888582706451416,97.765625
Python,337,1.7048633098602295,97.765625
Python,338,1.699216604232788,97.765625
Python,339,1.6901566982269287,97.765625
Python,340,1.6693711280822754,97.765625
Python,341,1.6696035861968994,97.765625
Python,342,1.6685206890106201,97.765625
Python,343,1.664156198501587,97.765625
Python,344,1.674541711807251,97.765625
Python,345,1.680720567703247,97.765625
Python,346,1.664172649383545,97.765625
Python,347,1.693514108657837,97.765625
Python,348,1.6538572311401367,97.765625
Python,349,1.66937255859375,97.765625
Python,350,1.6785151958465576,97.765625
Python,351,1.6823153495788574,97.765625
Python,352,1.655911922454834,97.765625
Python,353,1.7017781734466553,97.765625
Python,354,1.6917564868927002,97.765625
Python,355,1.689281940460205,97.765625
Python,356,1.689842939376831,97.765625
Python,357,1.6779086589813232,97.765625
Python,358,1.6761043071746826,97.765625
Python,359,1.681490421295166,97.765625
Python,360,1.6724295616149902,97.765625
Python,361,1.7005438804626465,97.765625
Python,362,1.6828553676605225,97.765625
Python,363,1.6777236461639404,97.765625
Python,364,1.702709436416626,97.765625
Python,365,1.6799650192260742,97.765625
Python,366,1.6734178066253662,97.765625
Python,367,1.6739909648895264,97.765625
Python,368,1.6962320804595947,97.765625
Python,369,1.7949450016021729,97.765625
Python,370,1.676666259765625,97.765625
Python,371,1.697213888168335,97.765625
Python,372,1.690866231918335,97.765625
Python,373,1.7076880931854248,97.765625
Python,374,1.6847248077392578,97.765625
Python,375,1.6693825721740723,97.765625
Python,376,1.6818430423736572,97.765625
Python,377,1.6681644916534424,97.765625
Python,378,1.6906726360321045,97.765625
Python,379,1.677356243133545,97.765625
Python,380,1.6828231811523438,97.765625
Python,381,1.7137811183929443,97.765625
Python,382,1.6728882789611816,97.765625
Python,383,1.666506052017212,97.765625
Python,384,1.6925179958343506,97.765625
Python,385,1.6556646823883057,97.765625
Python,386,1.6921145915985107,97.765625
Python,387,1.6762232780456543,97.765625
Python,388,1.6661338806152344,97.765625
Python,389,1.669980525970459,97.765625
Python,390,1.6668696403503418,97.765625
Python,391,1.6866166591644287,97.765625
Python,392,1.6932997703552246,97.765625
Python,393,1.6635839939117432,97.765625
Python,394,1.667680263519287,97.765625
Python,395,1.6720733642578125,97.765625
Python,396,1.686110496520996,97.765625
Python,397,1.6572203636169434,97.765625
Python,398,1.6660163402557373,97.765625
Python,399,1.6892383098602295,97.765625
Python,400,1.6608924865722656,97.765625
Python,401,1.7079436779022217,97.765625
Python,402,1.6693379878997803,97.765625
Python,403,1.673572063446045,97.765625
Python,404,1.6902706623077393,97.765625
Python,405,1.6854321956634521,97.765625
Python,406,1.7375974655151367,97.765625
Python,407,1.6791305541992188,97.765625
Python,408,1.6866888999938965,97.765625
Python,409,1.6688487529754639,97.765625
Python,410,1.7005634307861328,97.765625
Python,411,1.6786763668060303,97.765625
Python,412,1.6800296306610107,97.765625
Python,413,1.6784145832061768,97.765625
Python,414,1.705615520477295,97.765625
Python,415,1.685007095336914,97.765625
Python,416,1.7074615955352783,97.765625
Python,417,1.7088134288787842,97.765625
Python,418,1.6901392936706543,97.765625
Python,419,1.6692943572998047,97.765625
Python,420,1.6779589653015137,97.765625
Python,421,1.685027837753296,97.765625
Python,422,1.6885733604431152,97.765625
Python,423,1.6963207721710205,97.765625
Python,424,1.6961495876312256,97.765625
Python,425,1.7043142318725586,97.765625
Python,426,1.685180902481079,97.765625
Python,427,1.685103416442871,97.765625
Python,428,1.6844241619110107,97.765625
Python,429,1.6560423374176025,97.765625
Python,430,1.6724791526794434,97.765625
Python,431,1.6938261985778809,97.765625
Python,432,1.6605634689331055,97.765625
Python,433,1.6789767742156982,97.765625
Python,434,1.6882414817810059,97.765625
Python,435,1.696882963180542,97.765625
Python,436,1.698716163635254,97.765625
Python,437,1.7050113677978516,97.765625
Python,438,1.6967849731445312,97.765625
Python,439,1.676544189453125,97.765625
Python,440,1.6867570877075195,97.765625
Python,441,1.6999187469482422,97.765625
Python,442,1.7114641666412354,97.765625
Python,443,1.7895972728729248,97.765625
Python,444,1.7069227695465088,97.765625
Python,445,1.69991135597229,97.765625
Python,446,1.69517183303833,97.765625
Python,447,1.6783812046051025,97.765625
Python,448,1.65995454788208,97.765625
Python,449,1.6725578308105469,97.765625
Python,450,1.679309606552124,97.765625
Python,451,1.6818995475769043,97.765625
Python,452,1.6763710975646973,97.765625
Python,453,1.6730897426605225,97.765625
Python,454,1.6801888942718506,97.765625
Python,455,1.6812658309936523,97.765625
Python,456,1.7175076007843018,97.765625
Python,457,1.6817209720611572,97.765625
Python,458,1.6803882122039795,97.765625
Python,459,1.6773149967193604,97.765625
Python,460,1.6991615295410156,97.765625
Python,461,1.6982746124267578,97.765625
Python,462,1.7028014659881592,97.765625
Python,463,1.7017662525177002,97.765625
Python,464,1.6692652702331543,97.765625
Python,465,1.6956439018249512,97.765625
Python,466,1.6914629936218262,97.765625
Python,467,1.6781601905822754,97.765625
Python,468,1.6612517833709717,97.765625
Python,469,1.6732258796691895,97.765625
Python,470,1.6666648387908936,97.765625
Python,471,1.6861436367034912,97.765625
Python,472,1.7100913524627686,97.765625
Python,473,1.7004694938659668,97.765625
Python,474,1.6846923828125,97.765625
Python,475,1.6683857440948486,97.765625
Python,476,1.6811237335205078,97.765625
Python,477,1.6750431060791016,97.765625
Python,478,1.6670379638671875,97.765625
Python,479,1.6707534790039062,97.765625
Python,480,1.7504768371582031,97.765625
Python,481,1.7251770496368408,97.765625
Python,482,1.6943418979644775,97.765625
Python,483,1.6805355548858643,97.765625
Python,484,1.6820359230041504,97.765625
Python,485,1.6651523113250732,97.765625
Python,486,1.6959254741668701,97.765625
Python,487,1.6851813793182373,97.765625
Python,488,1.6727731227874756,97.765625
Python,489,1.6864140033721924,97.765625
Python,490,1.6626341342926025,97.765625
Python,491,1.6830565929412842,97.765625
Python,492,1.7044029235839844,97.765625
Python,493,1.695000410079956,97.765625
Python,494,1.6875154972076416,97.765625
Python,495,1.6719927787780762,97.765625
Python,496,1.6857707500457764,97.765625
Python,497,1.6739246845245361,97.765625
Python,498,1.6886889934539795,97.765625
Python,499,1.6602835655212402,97.765625
Python,500,1.6549935340881348,97.765625
Julia,1,33.49624514579773,97.765625
Julia,2,33.375834226608276,97.765625
Julia,3,33.35779428482056,97.765625
Julia,4,33.63510704040527,97.765625
Julia,5,33.454967975616455,97.765625
Julia,6,33.43319869041443,97.765625
Julia,7,33.281473875045776,97.765625
Julia,8,33.32909417152405,97.765625
Julia,9,34.10685157775879,97.765625
Julia,10,34.10956311225891,97.765625
Julia,11,34.48758244514465,97.765625
Julia,12,34.35781979560852,97.765625
Julia,13,34.01316165924072,97.765625
Julia,14,33.96892476081848,97.765625
Julia,15,34.289878845214844,97.765625
Julia,16,34.33434200286865,97.765625
Julia,17,34.6561119556427,97.765625
Julia,18,34.45573949813843,97.765625
Julia,19,34.693093061447144,97.765625
Julia,20,34.58822751045227,97.765625
Julia,21,34.0094575881958,97.765625
Julia,22,34.11868476867676,97.765625
Julia,23,35.0147602558136,97.765625
Julia,24,34.30624580383301,97.765625
Julia,25,33.91767430305481,97.765625
Julia,26,34.990665435791016,97.765625
Julia,27,34.72897124290466,97.765625
Julia,28,34.75261855125427,97.765625
Julia,29,34.29532599449158,97.765625
Julia,30,35.002798557281494,97.765625
Julia,31,35.13660216331482,97.765625
Julia,32,34.05567669868469,97.765625
Julia,33,35.146037101745605,97.765625
Julia,34,35.09384536743164,97.765625
Julia,35,34.23376655578613,97.765625
Julia,36,34.960429191589355,97.765625
Julia,37,34.977988481521606,97.765625
Julia,38,34.54457187652588,97.765625
Julia,39,34.501378536224365,97.765625
Julia,40,35.18030667304993,97.765625
Julia,41,34.86700916290283,97.765625
Julia,42,34.20953631401062,97.765625
Julia,43,35.26170372962952,97.765625
Julia,44,35.08044457435608,97.765625
Julia,45,34.789029359817505,97.765625
Julia,46,34.399420499801636,97.765625
Julia,47,35.20206952095032,97.765625
Julia,48,34.9454550743103,97.765625
Julia,49,34.96871495246887,97.765625
Julia,50,34.664740562438965,97.765625
Julia,51,34.642088651657104,97.765625
Julia,52,35.21787881851196,97.765625
Julia,53,34.96001601219177,97.765625
Julia,54,34.5260009765625,97.765625
Julia,55,34.948891162872314,97.765625
Julia,56,34.8659610748291,97.765625
Julia,57,35.45312452316284,97.765625
Julia,58,35.062989234924316,97.765625
Julia,59,35.04488182067871,97.765625
Julia,60,34.638959884643555,97.765625
Julia,61,34.948588371276855,97.765625
Julia,62,35.03275179862976,97.765625
Julia,63,34.77846384048462,97.765625
Julia,64,35.21557140350342,97.765625
Julia,65,34.94569110870361,97.765625
Julia,66,34.92944622039795,97.765625
Julia,67,35.112306118011475,97.765625
Julia,68,34.84451508522034,97.765625
Julia,69,35.06006598472595,97.765625
Julia,70,35.44035363197327,97.765625
Julia,71,35.14936828613281,97.765625
Julia,72,35.19728136062622,97.765625
Julia,73,34.934004068374634,97.765625
Julia,74,35.15018582344055,97.765625
Julia,75,35.11959409713745,97.765625
Julia,76,34.56220078468323,97.765625
Julia,77,34.95585536956787,97.765625
Julia,78,34.97372341156006,97.765625
Julia,79,35.25410437583923,97.765625
Julia,80,35.67364811897278,97.765625
Julia,81,35.5128173828125,97.765625
Julia,82,35.00387954711914,97.765625
Julia,83,34.9745135307312,97.765625
Julia,84,34.68161487579346,97.765625
Julia,85,34.98878240585327,97.765625
Julia,86,36.13146734237671,97.765625
Julia,87,35.73532032966614,97.765625
Julia,88,35.580018281936646,97.765625
Julia,89,35.84905385971069,97.765625
Julia,90,35.4820511341095,97.765625
Julia,91,35.142008543014526,97.765625
Julia,92,35.36917972564697,97.765625
Julia,93,34.64533734321594,97.765625
Julia,94,36.025729179382324,97.765625
Julia,95,34.874818086624146,97.765625
Julia,96,34.98902487754822,97.765625
Julia,97,35.5339572429657,97.765625
Julia,98,34.942816495895386,97.765625
Julia,99,34.93256330490112,97.765625
Julia,100,36.12816905975342,97.765625
Julia,101,35.184616565704346,97.765625
Julia,102,34.718175411224365,97.765625
Julia,103,35.237491846084595,97.765625
Julia,104,35.34183859825134,97.765625
Julia,105,35.356204986572266,97.765625
Julia,106,35.25637102127075,97.765625
Julia,107,34.89301109313965,97.765625
Julia,108,35.31405210494995,97.765625
Julia,109,35.149537801742554,97.765625
Julia,110,34.88753819465637,97.765625
Julia,111,34.62832736968994,97.765625
Julia,112,35.26550769805908,97.765625
Julia,113,35.400036096572876,97.765625
Julia,114,35.04989743232727,97.765625
Julia,115,35.39816188812256,97.765625
Julia,116,34.201491832733154,97.765625
Julia,117,34.86042785644531,97.765625
Julia,118,34.21366310119629,97.765625
Julia,119,35.12569046020508,97.765625
Julia,120,35.08533501625061,97.765625
Julia,121,34.20692777633667,97.765625
Julia,122,35.213906049728394,97.765625
Julia,123,35.23754358291626,97.765625
Julia,124,34.31560802459717,97.765625
Julia,125,35.13054966926575,97.765625
Julia,126,34.090686559677124,97.765625
Julia,127,34.80141544342041,97.765625
Julia,128,33.98980689048767,97.765625
Julia,129,35.176838636398315,97.765625
Julia,130,34.31317210197449,97.765625
Julia,131,35.387789249420166,97.765625
Julia,132,34.945260524749756,97.765625
Julia,133,34.487584829330444,97.765625
Julia,134,35.164286851882935,97.765625
Julia,135,34.04165077209473,97.765625
Julia,136,34.01610040664673,97.765625
Julia,137,34.78338384628296,97.765625
Julia,138,34.478814125061035,97.765625
Julia,139,34.15837025642395,97.765625
Julia,140,34.96613669395447,97.765625
Julia,141,34.060277462005615,97.765625
Julia,142,35.0515775680542,97.765625
Julia,143,34.23598790168762,97.765625
Julia,144,35.0540235042572,97.765625
Julia,145,34.42241621017456,97.765625
Julia,146,33.910088777542114,97.765625
Julia,147,34.98566746711731,97.765625
Julia,148,34.02834749221802,97.765625
Julia,149,35.18071532249451,97.765625
Julia,150,34.334516525268555,97.765625
Julia,151,35.50069499015808,97.765625
Julia,152,34.062363147735596,97.765625
Julia,153,35.09949588775635,97.765625
Julia,154,35.209900856018066,97.765625
Julia,155,34.40045189857483,97.765625
Julia,156,35.215749740600586,97.765625
Julia,157,34.43735384941101,97.765625
Julia,158,35.17263340950012,97.765625
Julia,159,35.42245817184448,97.765625
Julia,160,34.26464366912842,97.765625
Julia,161,39.6447274684906,97.765625
Julia,162,34.115520000457764,97.765625
Julia,163,45.0399374961853,97.765625
Julia,164,45.3712055683136,97.765625
Julia,165,38.76499915122986,97.765625
Julia,166,50.76372051239014,97.765625
Julia,167,40.768086671829224,97.765625
Julia,168,33.170682430267334,97.765625
Julia,169,33.07907295227051,97.765625
Julia,170,32.618396282196045,97.765625
Julia,171,32.901386737823486,97.765625
Julia,172,33.1259765625,97.765625
Julia,173,32.24837374687195,97.765625
Julia,174,33.08560347557068,97.765625
Julia,175,32.22959065437317,97.765625
Julia,176,33.28324747085571,97.765625
Julia,177,32.32807278633118,97.765625
Julia,178,32.883784770965576,97.765625
Julia,179,32.335870027542114,97.765625
Julia,180,32.301987648010254,97.765625
Julia,181,33.39634394645691,97.765625
Julia,182,31.850268125534058,97.765625
Julia,183,33.138752937316895,97.765625
Julia,184,32.06296992301941,97.765625
Julia,185,32.84765100479126,97.765625
Julia,186,32.04805660247803,97.765625
Julia,187,32.712310552597046,97.765625
Julia,188,32.28557753562927,97.765625
Julia,189,32.75343132019043,97.765625
Julia,190,33.449280738830566,97.765625
Julia,191,32.196792125701904,97.765625
Julia,192,33.34202980995178,97.765625
Julia,193,32.242037773132324,97.765625
Julia,194,33.44890356063843,97.765625
Julia,195,32.82100987434387,97.765625
Julia,196,33.282312631607056,97.765625
Julia,197,32.260741233825684,97.765625
Julia,198,32.57553219795227,97.765625
Julia,199,32.747066020965576,97.765625
Julia,200,32.89230155944824,97.765625
Julia,201,32.87751483917236,97.765625
Julia,202,32.87183380126953,97.765625
Julia,203,32.8699586391449,97.765625
Julia,204,32.554118394851685,97.765625
Julia,205,32.284765005111694,97.765625
Julia,206,32.91697120666504,97.765625
Julia,207,32.80388784408569,97.765625
Julia,208,32.891573905944824,97.765625
Julia,209,33.14496970176697,97.765625
Julia,210,32.27901220321655,97.765625
Julia,211,33.301400661468506,97.765625
Julia,212,33.235077142715454,97.765625
Julia,213,37.81191158294678,97.765625
Julia,214,37.6638298034668,97.765625
Julia,215,38.76317501068115,97.765625
Julia,216,32.86184096336365,97.765625
Julia,217,32.885873794555664,97.765625
Julia,218,33.03657031059265,97.765625
Julia,219,33.509780168533325,97.765625
Julia,220,33.03664779663086,97.765625
Julia,221,36.561787843704224,97.765625
Julia,222,39.022515296936035,97.765625
Julia,223,36.04006910324097,97.765625
Julia,224,33.73955416679382,97.765625
Julia,225,33.4315140247345,97.765625
Julia,226,33.444355964660645,97.765625
Julia,227,33.95030736923218,97.765625
Julia,228,33.22709679603577,97.765625
Julia,229,32.91504621505737,97.765625
Julia,230,38.98792862892151,97.765625
Julia,231,36.68228340148926,97.765625
Julia,232,33.79048204421997,97.765625
Julia,233,34.04422879219055,97.765625
Julia,234,33.19575595855713,97.765625
Julia,235,47.30210781097412,97.765625
Julia,236,56.75321650505066,97.765625
Julia,237,47.61361289024353,97.765625
Julia,238,52.2525634765625,97.765625
Julia,239,45.438854694366455,97.765625
Julia,240,36.495766162872314,97.765625
Julia,241,49.287352561950684,97.765625
Julia,242,47.370112895965576,97.765625
Julia,243,55.238391160964966,97.765625
Julia,244,58.4088978767395,97.765625
Julia,245,47.64113688468933,97.765625
Julia,246,47.914642572402954,97.765625
Julia,247,46.93837308883667,97.765625
Julia,248,39.586503982543945,97.765625
Julia,249,40.767003536224365,97.765625
Julia,250,34.432103633880615,97.765625
Julia,251,33.84839606285095,97.765625
Julia,252,33.55433797836304,97.765625
Julia,253,32.98579454421997,97.765625
Julia,254,33.29872226715088,97.765625
Julia,255,33.484941482543945,97.765625
Julia,256,33.647175788879395,97.765625
Julia,257,33.02584171295166,97.765625
Julia,258,34.87817645072937,97.765625
Julia,259,38.16477870941162,97.765625
Julia,260,33.16497015953064,97.765625
Julia,261,33.21974515914917,97.765625
Julia,262,33.15852379798889,97.765625
Julia,263,36.302751779556274,97.765625
Julia,264,41.50400376319885,97.765625
Julia,265,34.89323973655701,97.765625
Julia,266,34.89590096473694,97.765625
Julia,267,34.52839660644531,97.765625
Julia,268,33.405492067337036,97.765625
Julia,269,32.917261600494385,97.765625
Julia,270,33.187281131744385,97.765625
Julia,271,33.10090732574463,97.765625
Julia,272,32.632848262786865,97.765625
Julia,273,32.8772337436676,97.765625
Julia,274,32.17296552658081,97.765625
Julia,275,33.66218638420105,97.765625
Julia,276,33.18782615661621,97.765625
Julia,277,32.793874979019165,97.765625
Julia,278,33.57354974746704,97.765625
Julia,279,33.85750484466553,97.765625
Julia,280,33.03169131278992,97.765625
Julia,281,32.81739950180054,97.765625
Julia,282,32.28648662567139,97.765625
Julia,283,33.14886426925659,97.765625
Julia,284,32.10902976989746,97.765625
Julia,285,32.841524839401245,97.765625
Julia,286,33.24741196632385,97.765625
Julia,287,32.55027437210083,97.765625
Julia,288,32.35582613945007,97.765625
Julia,289,32.90972423553467,97.765625
Julia,290,33.31423544883728,97.765625
Julia,291,33.44499683380127,97.765625
Julia,292,33.725708961486816,97.765625
Julia,293,33.426108598709106,97.765625
Julia,294,33.20599365234375,97.765625
Julia,295,33.02771520614624,97.765625
Julia,296,32.97674894332886,97.765625
Julia,297,32.47404217720032,97.765625
Julia,298,32.649962425231934,97.765625
Julia,299,32.84864830970764,97.765625
Julia,300,33.172268867492676,97.765625
Julia,301,33.71246790885925,97.765625
Julia,302,32.74133610725403,97.765625
Julia,303,33.17496585845947,97.765625
Julia,304,32.900800704956055,97.765625
Julia,305,32.758179903030396,97.765625
Julia,306,33.34480929374695,97.765625
Julia,307,32.73957133293152,97.765625
Julia,308,33.006152868270874,97.765625
Julia,309,33.0366849899292,97.765625
Julia,310,32.68929314613342,97.765625
Julia,311,33.09687876701355,97.765625
Julia,312,33.13520812988281,97.765625
Julia,313,32.949411392211914,97.765625
Julia,314,32.62006664276123,97.765625
Julia,315,32.90687918663025,97.765625
Julia,316,32.98181939125061,97.765625
Julia,317,32.648650884628296,97.765625
Julia,318,33.28467035293579,97.765625
Julia,319,33.00673699378967,97.765625
Julia,320,33.408894062042236,97.765625
Julia,321,32.42560625076294,97.765625
Julia,322,32.737446784973145,97.765625
Julia,323,32.65347337722778,97.765625
Julia,324,32.96155786514282,97.765625
Julia,325,32.76492261886597,97.765625
Julia,326,32.9319543838501,97.765625
Julia,327,33.07990741729736,97.765625
Julia,328,32.53037238121033,97.765625
Julia,329,32.86118459701538,97.765625
Julia,330,33.06067895889282,97.765625
Julia,331,32.88333868980408,97.765625
Julia,332,33.061723947525024,97.765625
Julia,333,33.5396614074707,97.765625
Julia,334,33.02452516555786,97.765625
Julia,335,31.99339985847473,97.765625
Julia,336,32.74638342857361,97.765625
Julia,337,33.27884554862976,97.765625
Julia,338,32.30954122543335,97.765625
Julia,339,32.60882067680359,97.765625
Julia,340,33.11740851402283,97.765625
Julia,341,32.36146140098572,97.765625
Julia,342,32.41222286224365,97.765625
Julia,343,33.57563257217407,97.765625
Julia,344,32.391098976135254,97.765625
Julia,345,32.013115644454956,97.765625
Julia,346,32.82308387756348,97.765625
Julia,347,31.779364824295044,97.765625
Julia,348,32.739453077316284,97.765625
Julia,349,32.063602685928345,97.765625
Julia,350,33.59352517127991,97.765625
Julia,351,32.44123458862305,97.765625
Julia,352,32.63979911804199,97.765625
Julia,353,32.7650146484375,97.765625
Julia,354,33.067572593688965,97.765625
Julia,355,32.123717308044434,97.765625
Julia,356,32.504578828811646,97.765625
Julia,357,33.25204372406006,97.765625
Julia,358,33.28192448616028,97.765625
Julia,359,32.333916425704956,97.765625
Julia,360,32.88024306297302,97.765625
Julia,361,32.342244386672974,97.765625
Julia,362,33.391517877578735,97.765625
Julia,363,33.824298620224,97.765625
Julia,364,32.357227087020874,97.765625
Julia,365,32.082682609558105,97.765625
Julia,366,32.89195108413696,97.765625
Julia,367,32.37270665168762,97.765625
Julia,368,32.953659534454346,97.765625
Julia,369,33.42298674583435,97.765625
Julia,370,32.0353422164917,97.765625
Julia,371,32.39039635658264,97.765625
Julia,372,33.24975657463074,97.765625
Julia,373,33.21875786781311,97.765625
Julia,374,32.415358543395996,97.765625
Julia,375,32.543739795684814,97.765625
Julia,376,32.825061082839966,97.765625
Julia,377,32.29606008529663,97.765625
Julia,378,33.451120138168335,97.765625
Julia,379,32.68308234214783,97.765625
Julia,380,33.05044221878052,97.765625
Julia,381,33.04140782356262,97.765625
Julia,382,32.805365800857544,97.765625
Julia,383,32.14153075218201,97.765625
Julia,384,32.56381320953369,97.765625
Julia,385,32.021379709243774,97.765625
Julia,386,33.19869089126587,97.765625
Julia,387,33.065736055374146,97.765625
Julia,388,32.271223068237305,97.765625
Julia,389,32.78215432167053,97.765625
Julia,390,31.801925659179688,97.765625
Julia,391,32.86439895629883,97.765625
Julia,392,31.91114568710327,97.765625
Julia,393,32.56053137779236,97.765625
Julia,394,35.09754300117493,97.765625
Julia,395,32.78313660621643,97.765625
Julia,396,32.41416120529175,97.765625
Julia,397,33.214287519454956,97.765625
Julia,398,32.248140811920166,97.765625
Julia,399,31.94348120689392,97.765625
Julia,400,32.05181050300598,97.765625
Julia,401,32.80744385719299,97.765625
Julia,402,32.08718752861023,97.765625
Julia,403,32.338006258010864,97.765625
Julia,404,33.285701513290405,97.765625
Julia,405,32.17041826248169,97.765625
Julia,406,33.27164149284363,97.765625
Julia,407,32.01105356216431,97.765625
Julia,408,33.05788731575012,97.765625
Julia,409,32.04124331474304,97.765625
Julia,410,32.97810959815979,97.765625
Julia,411,32.23747801780701,97.765625
Julia,412,33.39107584953308,97.765625
Julia,413,32.260817527770996,97.765625
Julia,414,32.69559407234192,97.765625
Julia,415,32.089662075042725,97.765625
Julia,416,32.36564040184021,97.765625
Julia,417,32.6914918422699,97.765625
Julia,418,33.11699199676514,97.765625
Julia,419,32.34520196914673,97.765625
Julia,420,31.977258920669556,97.765625
Julia,421,33.128612995147705,97.765625
Julia,422,32.058948040008545,97.765625
Julia,423,32.131988286972046,97.765625
Julia,424,32.80338740348816,97.765625
Julia,425,32.2743821144104,97.765625
Julia,426,31.910131216049194,97.765625
Julia,427,32.4000346660614,97.765625
Julia,428,32.39646816253662,97.765625
Julia,429,32.21325182914734,97.765625
Julia,430,32.8714804649353,97.765625
Julia,431,31.987616062164307,97.765625
Julia,432,32.49677562713623,97.765625
Julia,433,31.874467849731445,97.765625
Julia,434,32.093026876449585,97.765625
Julia,435,32.956090688705444,97.765625
Julia,436,32.447826623916626,97.765625
Julia,437,32.11358380317688,97.765625
Julia,438,32.26311540603638,97.765625
Julia,439,32.29549217224121,97.765625
Julia,440,32.58379125595093,97.765625
Julia,441,33.113444089889526,97.765625
Julia,442,32.37195801734924,97.765625
Julia,443,32.51622247695923,97.765625
Julia,444,32.965118646621704,97.765625
Julia,445,32.54850625991821,97.765625
Julia,446,32.247538805007935,97.765625
Julia,447,31.92598795890808,97.765625
Julia,448,32.82269310951233,97.765625
Julia,449,32.170939207077026,97.765625
Julia,450,31.97134828567505,97.765625
Julia,451,32.208043336868286,97.765625
Julia,452,32.72408485412598,97.765625
Julia,453,33.098970890045166,97.765625
Julia,454,32.668538331985474,97.765625
Julia,455,32.243409633636475,97.765625
Julia,456,32.70020842552185,97.765625
Julia,457,31.895548343658447,97.765625
Julia,458,32.472095012664795,97.765625
Julia,459,32.589760065078735,97.765625
Julia,460,32.20874738693237,97.765625
Julia,461,33.61131000518799,97.765625
Julia,462,32.334484577178955,97.765625
Julia,463,32.28871250152588,97.765625
Julia,464,33.426116704940796,97.765625
Julia,465,31.95461869239807,97.765625
Julia,466,31.99891233444214,97.765625
Julia,467,32.794888973236084,97.765625
Julia,468,32.29408884048462,97.765625
Julia,469,32.79525685310364,97.765625
Julia,470,33.24162411689758,97.765625
Julia,471,32.27188158035278,97.765625
Julia,472,33.14103603363037,97.765625
Julia,473,32.80593252182007,97.765625
Julia,474,33.06990075111389,97.765625
Julia,475,32.9081711769104,97.765625
Julia,476,32.15665626525879,97.765625
Julia,477,33.06296992301941,97.765625
Julia,478,32.48978281021118,97.765625
Julia,479,32.01541328430176,97.765625
Julia,480,31.92739462852478,97.765625
Julia,481,33.384835958480835,97.765625
Julia,482,32.41882538795471,97.765625
Julia,483,32.60177278518677,97.765625
Julia,484,32.45173931121826,97.765625
Julia,485,31.957828044891357,97.765625
Julia,486,31.972499132156372,97.765625
Julia,487,32.31810665130615,97.765625
Julia,488,32.17698407173157,97.765625
Julia,489,33.19114422798157,97.765625
Julia,490,32.571579933166504,97.765625
Julia,491,32.369210720062256,97.765625
Julia,492,33.269821882247925,97.765625
Julia,493,32.06463861465454,97.765625
Julia,494,34.621949911117554,97.765625
Julia,495,32.52274417877197,97.765625
Julia,496,32.51597857475281,97.765625
Julia,497,32.366793155670166,97.765625
Julia,498,31.753227472305298,97.765625
Julia,499,31.66638445854187,97.765625
Julia,500,32.59372568130493,97.765625
R,1,4.3466477394104,97.765625
R,2,4.293647289276123,97.765625
R,3,4.28016209602356,97.765625
R,4,4.909852981567383,97.765625
R,5,4.3454389572143555,97.765625
R,6,4.372097015380859,97.765625
R,7,4.213101625442505,97.765625
R,8,4.20327353477478,97.765625
R,9,4.729641437530518,97.765625
R,10,4.686234951019287,97.765625
R,11,4.3273420333862305,97.765625
R,12,4.302162170410156,97.765625
R,13,4.2735536098480225,97.765625
R,14,5.046051263809204,97.765625
R,15,4.3255815505981445,97.765625
R,16,4.288335084915161,97.765625
R,17,4.498980522155762,97.765625
R,18,4.263467311859131,97.765625
R,19,5.177036762237549,97.765625
R,20,4.347761869430542,97.765625
R,21,4.3221893310546875,97.765625
R,22,4.345650911331177,97.765625
R,23,4.752175807952881,97.765625
R,24,4.767296075820923,97.765625
R,25,4.255679368972778,97.765625
R,26,4.277410507202148,97.765625
R,27,4.253649950027466,97.765625
R,28,4.280023813247681,97.765625
R,29,5.234096527099609,97.765625
R,30,4.325176239013672,97.765625
R,31,4.323569059371948,97.765625
R,32,4.298869609832764,97.765625
R,33,4.297098159790039,97.765625
R,34,5.024115562438965,97.765625
R,35,4.31307578086853,97.765625
R,36,4.4026038646698,97.765625
R,37,4.249478101730347,97.765625
R,38,4.208590269088745,97.765625
R,39,4.732249736785889,97.765625
R,40,4.57172966003418,97.765625
R,41,4.264523267745972,97.765625
R,42,4.241273641586304,97.765625
R,43,4.308054447174072,97.765625
R,44,4.197994709014893,97.765625
R,45,5.1365156173706055,97.765625
R,46,4.300055980682373,97.765625
R,47,4.232232093811035,97.765625
R,48,4.270317554473877,97.765625
R,49,4.244037866592407,97.765625
R,50,5.255896091461182,97.765625
R,51,4.308126211166382,97.765625
R,52,4.335419416427612,97.765625
R,53,4.318436145782471,97.765625
R,54,4.322455883026123,97.765625
R,55,4.226471662521362,97.765625
R,56,4.219202756881714,97.765625
R,57,5.201210975646973,97.765625
R,58,4.2469727993011475,97.765625
R,59,4.2270636558532715,97.765625
R,60,4.251667022705078,97.765625
R,61,4.284085273742676,97.765625
R,62,4.793937683105469,97.765625
R,63,4.638813018798828,97.765625
R,64,4.28190016746521,97.765625
R,65,4.273736238479614,97.765625
R,66,4.3084940910339355,97.765625
R,67,4.329830884933472,97.765625
R,68,4.956974983215332,97.765625
R,69,4.333706617355347,97.765625
R,70,4.332032918930054,97.765625
R,71,4.314277410507202,97.765625
R,72,4.249860048294067,97.765625
R,73,5.395057678222656,97.765625
R,74,4.30892014503479,97.765625
R,75,4.29668664932251,97.765625
R,76,4.260865688323975,97.765625
R,77,4.427335023880005,97.765625
R,78,4.757642030715942,97.765625
R,79,4.561192274093628,97.765625
R,80,4.269632339477539,97.765625
R,81,4.270445108413696,97.765625
R,82,4.260251522064209,97.765625
R,83,5.2149574756622314,97.765625
R,84,4.337545156478882,97.765625
R,85,4.215145111083984,97.765625
R,86,4.218289852142334,97.765625
R,87,4.28600001335144,97.765625
R,88,4.974913120269775,97.765625
R,89,4.49419641494751,97.765625
R,90,4.406213045120239,97.765625
R,91,4.255085706710815,97.765625
R,92,4.2779011726379395,97.765625
R,93,4.760334730148315,97.765625
R,94,4.73630166053772,97.765625
R,95,4.271046161651611,97.765625
R,96,4.297269105911255,97.765625
R,97,4.307058095932007,97.765625
R,98,4.584242105484009,97.765625
R,99,4.691431522369385,97.765625
R,100,4.32033896446228,97.765625
R,101,4.293923377990723,97.765625
R,102,4.286418914794922,97.765625
R,103,4.568913459777832,97.765625
R,104,4.860921144485474,97.765625
R,105,4.284061908721924,97.765625
R,106,4.369868278503418,97.765625
R,107,4.341040134429932,97.765625
R,108,5.02420973777771,97.765625
R,109,4.305499076843262,97.765625
R,110,4.272972583770752,97.765625
R,111,4.355746269226074,97.765625
R,112,4.291438817977905,97.765625
R,113,4.966189622879028,97.765625
R,114,4.380522966384888,97.765625
R,115,4.238425254821777,97.765625
R,116,4.311889171600342,97.765625
R,117,4.700513124465942,97.765625
R,118,4.779419422149658,97.765625
R,119,4.28998327255249,97.765625
R,120,4.333541631698608,97.765625
R,121,4.241255521774292,97.765625
R,122,5.1526100635528564,97.765625
R,123,4.306634187698364,97.765625
R,124,4.2875237464904785,97.765625
R,125,4.240868806838989,97.765625
R,126,4.189879894256592,97.765625
R,127,4.966756105422974,97.765625
R,128,4.282092571258545,97.765625
R,129,4.2772133350372314,97.765625
R,130,4.212735891342163,97.765625
R,131,4.874474763870239,97.765625
R,132,4.824126482009888,97.765625
R,133,4.3056769371032715,97.765625
R,134,4.313031911849976,97.765625
R,135,4.267566919326782,97.765625
R,136,4.484302520751953,97.765625
R,137,4.735527276992798,97.765625
R,138,4.249992370605469,97.765625
R,139,4.263166189193726,97.765625
R,140,4.291809320449829,97.765625
R,141,4.327620029449463,97.765625
R,142,5.165584325790405,97.765625
R,143,4.350045204162598,97.765625
R,144,4.432806015014648,97.765625
R,145,4.265447616577148,97.765625
R,146,4.24640154838562,97.765625
R,147,4.310331106185913,97.765625
R,148,4.719177007675171,97.765625
R,149,4.530498504638672,97.765625
R,150,4.267297983169556,97.765625
R,151,4.3260908126831055,97.765625
R,152,4.300688982009888,97.765625
R,153,4.372354984283447,97.765625
R,154,5.059904336929321,97.765625
R,155,4.279753923416138,97.765625
R,156,4.281406879425049,97.765625
R,157,4.296644926071167,97.765625
R,158,4.446961402893066,97.765625
R,159,4.779221296310425,97.765625
R,160,4.494547605514526,97.765625
R,161,4.299400806427002,97.765625
R,162,4.312358140945435,97.765625
R,163,4.2382142543792725,97.765625
R,164,4.221415281295776,97.765625
R,165,5.3144025802612305,97.765625
R,166,4.334682941436768,97.765625
R,167,4.315875053405762,97.765625
R,168,4.2496325969696045,97.765625
R,169,4.242472410202026,97.765625
R,170,4.289779424667358,97.765625
R,171,5.326282739639282,97.765625
R,172,4.333837509155273,97.765625
R,173,4.251873254776001,97.765625
R,174,4.278798341751099,97.765625
R,175,4.213644742965698,97.765625
R,176,4.234358787536621,97.765625
R,177,5.069354772567749,97.765625
R,178,4.325352191925049,97.765625
R,179,4.2795960903167725,97.765625
R,180,4.287247896194458,97.765625
R,181,4.288111686706543,97.765625
R,182,4.289255142211914,97.765625
R,183,4.663067579269409,97.765625
R,184,4.6456077098846436,97.765625
R,185,4.437353134155273,97.765625
R,186,4.268038034439087,97.765625
R,187,4.275644779205322,97.765625
R,188,4.694829225540161,97.765625
R,189,4.491161346435547,97.765625
R,190,4.263799667358398,97.765625
R,191,4.326330184936523,97.765625
R,192,4.355037689208984,97.765625
R,193,4.266808986663818,97.765625
R,194,5.231616735458374,97.765625
R,195,4.281022548675537,97.765625
R,196,4.327279567718506,97.765625
R,197,4.174738645553589,97.765625
R,198,4.372811555862427,97.765625
R,199,4.7074971199035645,97.765625
R,200,4.779440879821777,97.765625
R,201,4.333041429519653,97.765625
R,202,4.363367080688477,97.765625
R,203,4.278872966766357,97.765625
R,204,4.946751832962036,97.765625
R,205,4.328065633773804,97.765625
R,206,4.284387588500977,97.765625
R,207,4.250453472137451,97.765625
R,208,4.247125148773193,97.765625
R,209,4.220244407653809,97.765625
R,210,4.297270774841309,97.765625
R,211,4.781103849411011,97.765625
R,212,4.764906644821167,97.765625
R,213,4.287839889526367,97.765625
R,214,4.220012426376343,97.765625
R,215,4.271700620651245,97.765625
R,216,4.2854766845703125,97.765625
R,217,4.898759126663208,97.765625
R,218,4.523375034332275,97.765625
R,219,4.3009443283081055,97.765625
R,220,4.189628601074219,97.765625
R,221,4.283025503158569,97.765625
R,222,4.552889347076416,97.765625
R,223,4.659752607345581,97.765625
R,224,4.272921562194824,97.765625
R,225,4.305797815322876,97.765625
R,226,4.272141456604004,97.765625
R,227,4.26396369934082,97.765625
R,228,5.113651752471924,97.765625
R,229,4.31156849861145,97.765625
R,230,4.277384996414185,97.765625
R,231,4.2346954345703125,97.765625
R,232,4.352676153182983,97.765625
R,233,4.257951498031616,97.765625
R,234,5.100663423538208,97.765625
R,235,4.32312273979187,97.765625
R,236,4.286168336868286,97.765625
R,237,4.233308792114258,97.765625
R,238,4.238304615020752,97.765625
R,239,4.40750789642334,97.765625
R,240,5.114339828491211,97.765625
R,241,4.342189311981201,97.765625
R,242,4.249251842498779,97.765625
R,243,4.281866550445557,97.765625
R,244,4.7379233837127686,97.765625
R,245,4.558189630508423,97.765625
R,246,4.388044595718384,97.765625
R,247,4.234099626541138,97.765625
R,248,4.27652907371521,97.765625
R,249,4.270407676696777,97.765625
R,250,4.20557975769043,97.765625
R,251,4.25721549987793,97.765625
R,252,4.8561365604400635,97.765625
R,253,4.601306438446045,97.765625
R,254,4.30005407333374,97.765625
R,255,4.25774359703064,97.765625
R,256,4.302912712097168,97.765625
R,257,4.27858829498291,97.765625
R,258,5.037980556488037,97.765625
R,259,4.291595935821533,97.765625
R,260,4.3134765625,97.765625
R,261,4.343683481216431,97.765625
R,262,4.305878400802612,97.765625
R,263,4.623690605163574,97.765625
R,264,4.713440895080566,97.765625
R,265,4.250641107559204,97.765625
R,266,4.449408292770386,97.765625
R,267,4.273233890533447,97.765625
R,268,4.302517414093018,97.765625
R,269,5.034464120864868,97.765625
R,270,4.3527140617370605,97.765625
R,271,4.348349332809448,97.765625
R,272,4.3159520626068115,97.765625
R,273,4.287668943405151,97.765625
R,274,4.292323589324951,97.765625
R,275,5.283510684967041,97.765625
R,276,4.2571587562561035,97.765625
R,277,4.29794716835022,97.765625
R,278,4.270830392837524,97.765625
R,279,4.378217697143555,97.765625
R,280,5.248475551605225,97.765625
R,281,4.250721216201782,97.765625
R,282,4.313115358352661,97.765625
R,283,4.191847324371338,97.765625
R,284,4.248652458190918,97.765625
R,285,5.04484486579895,97.765625
R,286,4.358498573303223,97.765625
R,287,4.326255798339844,97.765625
R,288,4.25428581237793,97.765625
R,289,4.969695568084717,97.765625
R,290,4.402040004730225,97.765625
R,291,4.339686393737793,97.765625
R,292,4.263211011886597,97.765625
R,293,4.550445795059204,97.765625
R,294,4.664447784423828,97.765625
R,295,4.597644805908203,97.765625
R,296,4.284843683242798,97.765625
R,297,4.248141050338745,97.765625
R,298,4.276057004928589,97.765625
R,299,4.667698383331299,97.765625
R,300,4.7727155685424805,97.765625
R,301,4.3036181926727295,97.765625
R,302,4.25691556930542,97.765625
R,303,4.266671895980835,97.765625
R,304,5.112146377563477,97.765625
R,305,4.356779098510742,97.765625
R,306,4.41013503074646,97.765625
R,307,4.260251522064209,97.765625
R,308,4.266982316970825,97.765625
R,309,4.379244089126587,97.765625
R,310,4.8317060470581055,97.765625
R,311,4.344981670379639,97.765625
R,312,4.231263160705566,97.765625
R,313,4.2802605628967285,97.765625
R,314,4.787880897521973,97.765625
R,315,4.543797016143799,97.765625
R,316,4.22420334815979,97.765625
R,317,4.263482570648193,97.765625
R,318,4.198100328445435,97.765625
R,319,5.162822723388672,97.765625
R,320,4.4757091999053955,97.765625
R,321,4.3170740604400635,97.765625
R,322,4.321682929992676,97.765625
R,323,4.284420490264893,97.765625
R,324,4.863830089569092,97.765625
R,325,4.593497037887573,97.765625
R,326,4.351850748062134,97.765625
R,327,4.313009738922119,97.765625
R,328,4.297574520111084,97.765625
R,329,5.129672527313232,97.765625
R,330,4.30002236366272,97.765625
R,331,4.2497029304504395,97.765625
R,332,4.332643270492554,97.765625
R,333,4.64675235748291,97.765625
R,334,4.744799613952637,97.765625
R,335,4.314632415771484,97.765625
R,336,4.279421091079712,97.765625
R,337,4.248087406158447,97.765625
R,338,5.133854866027832,97.765625
R,339,4.363779067993164,97.765625
R,340,4.349588394165039,97.765625
R,341,4.235274314880371,97.765625
R,342,4.293041706085205,97.765625
R,343,4.644005537033081,97.765625
R,344,4.686358690261841,97.765625
R,345,4.2809975147247314,97.765625
R,346,4.225342035293579,97.765625
R,347,4.3674280643463135,97.765625
R,348,4.498323202133179,97.765625
R,349,4.707973003387451,97.765625
R,350,4.205057382583618,97.765625
R,351,4.274704217910767,97.765625
R,352,4.279541969299316,97.765625
R,353,4.253701448440552,97.765625
R,354,5.26908016204834,97.765625
R,355,4.314051151275635,97.765625
R,356,4.296401500701904,97.765625
R,357,4.304989814758301,97.765625
R,358,4.111971139907837,97.765625
R,359,5.010601043701172,97.765625
R,360,4.460607528686523,97.765625
R,361,4.284642219543457,97.765625
R,362,4.275268793106079,97.765625
R,363,4.310269355773926,97.765625
R,364,5.022966384887695,97.765625
R,365,4.279965877532959,97.765625
R,366,4.336494445800781,97.765625
R,367,4.371088981628418,97.765625
R,368,4.338991403579712,97.765625
R,369,4.6113903522491455,97.765625
R,370,4.664247989654541,97.765625
R,371,4.27165412902832,97.765625
R,372,4.267058610916138,97.765625
R,373,4.262347221374512,97.765625
R,374,4.916797637939453,97.765625
R,375,4.570986986160278,97.765625
R,376,4.307917356491089,97.765625
R,377,4.3276755809783936,97.765625
R,378,4.318211555480957,97.765625
R,379,4.27825927734375,97.765625
R,380,5.248903512954712,97.765625
R,381,4.3770036697387695,97.765625
R,382,4.309730768203735,97.765625
R,383,4.238265037536621,97.765625
R,384,4.272050619125366,97.765625
R,385,4.9078521728515625,97.765625
R,386,4.298250913619995,97.765625
R,387,4.413426399230957,97.765625
R,388,4.262843608856201,97.765625
R,389,4.288719892501831,97.765625
R,390,4.704230070114136,97.765625
R,391,4.618878126144409,97.765625
R,392,4.271924734115601,97.765625
R,393,4.212449073791504,97.765625
R,394,4.309128522872925,97.765625
R,395,4.726680517196655,97.765625
R,396,4.4957804679870605,97.765625
R,397,4.240743160247803,97.765625
R,398,4.1830737590789795,97.765625
R,399,4.193466663360596,97.765625
R,400,4.4952614307403564,97.765625
R,401,4.857769012451172,97.765625
R,402,4.299176216125488,97.765625
R,403,4.290835380554199,97.765625
R,404,4.2038538455963135,97.765625
R,405,4.247621774673462,97.765625
R,406,4.950818061828613,97.765625
R,407,4.299044609069824,97.765625
R,408,4.352328300476074,97.765625
R,409,4.233535528182983,97.765625
R,410,4.309092283248901,97.765625
R,411,5.028363227844238,97.765625
R,412,4.328049659729004,97.765625
R,413,4.244035482406616,97.765625
R,414,4.236435174942017,97.765625
R,415,4.39457631111145,97.765625
R,416,5.099186897277832,97.765625
R,417,4.366371393203735,97.765625
R,418,4.165746450424194,97.765625
R,419,4.290940046310425,97.765625
R,420,4.303986310958862,97.765625
R,421,5.074216842651367,97.765625
R,422,4.487804412841797,97.765625
R,423,4.30145001411438,97.765625
R,424,4.266658782958984,97.765625
R,425,4.32404899597168,97.765625
R,426,4.24776554107666,97.765625
R,427,4.847396373748779,97.765625
R,428,4.641386985778809,97.765625
R,429,4.258567571640015,97.765625
R,430,4.324952840805054,97.765625
R,431,4.30889630317688,97.765625
R,432,5.191906929016113,97.765625
R,433,4.341683626174927,97.765625
R,434,4.251343250274658,97.765625
R,435,4.313974142074585,97.765625
R,436,5.0078935623168945,97.765625
R,437,4.340017795562744,97.765625
R,438,4.281897306442261,97.765625
R,439,4.3086607456207275,97.765625
R,440,4.631042718887329,97.765625
R,441,4.91880202293396,97.765625
R,442,4.2773473262786865,97.765625
R,443,4.2659361362457275,97.765625
R,444,4.201153993606567,97.765625
R,445,4.929190397262573,97.765625
R,446,4.3035430908203125,97.765625
R,447,4.348086595535278,97.765625
R,448,4.237626314163208,97.765625
R,449,4.27741265296936,97.765625
R,450,5.0810511112213135,97.765625
R,451,4.328917980194092,97.765625
R,452,4.285723924636841,97.765625
R,453,4.257778644561768,97.765625
R,454,4.20293664932251,97.765625
R,455,4.913692474365234,97.765625
R,456,4.517859697341919,97.765625
R,457,4.223637580871582,97.765625
R,458,4.204225063323975,97.765625
R,459,4.295807838439941,97.765625
R,460,4.240926742553711,97.765625
R,461,5.009617328643799,97.765625
R,462,4.3294456005096436,97.765625
R,463,4.291957378387451,97.765625
R,464,4.3017027378082275,97.765625
R,465,4.246828079223633,97.765625
R,466,4.228578090667725,97.765625
R,467,5.03409481048584,97.765625
R,468,4.290342807769775,97.765625
R,469,4.339040994644165,97.765625
R,470,4.240319013595581,97.765625
R,471,4.260401964187622,97.765625
R,472,5.2041051387786865,97.765625
R,473,4.314661741256714,97.765625
R,474,4.3228912353515625,97.765625
R,475,4.3090996742248535,97.765625
R,476,4.255577087402344,97.765625
R,477,5.158762454986572,97.765625
R,478,4.360535144805908,97.765625
R,479,4.282538890838623,97.765625
R,480,4.289203882217407,97.765625
R,481,4.272991180419922,97.765625
R,482,4.529426574707031,97.765625
R,483,5.1601269245147705,97.765625
R,484,4.326708793640137,97.765625
R,485,4.257860898971558,97.765625
R,486,4.281223773956299,97.765625
R,487,4.257175922393799,97.765625
R,488,4.515879392623901,97.765625
R,489,4.783888339996338,97.765625
R,490,4.299689531326294,97.765625
R,491,4.337508201599121,97.765625
R,492,4.3323235511779785,97.765625
R,493,4.876428604125977,97.765625
R,494,4.517261505126953,97.765625
R,495,4.465288400650024,97.765625
R,496,4.275875806808472,97.765625
R,497,4.190176248550415,97.765625
R,498,4.237918853759766,97.765625
R,499,4.917292833328247,97.765625
R,500,4.261296987533569,97.765625
