time,raw_position,kalman_position,kalman_velocity
0.0,34.2549125576344,13.098236793583405,20.21156675764051
0.02,33.60223519111186,19.981259010587443,20.51460581350733
0.04,33.60223519111186,24.32099290808875,20.8586502001498
0.06,33.60223519111186,27.266437037592333,21.200882288747568
0.08,33.60223519111186,29.341338602269843,21.5099674647141
0.1,34.2549125576344,31.01112452736442,21.808843921538156
0.12,33.510677601848904,32.015549339220854,21.976889771395392
0.14,33.41953200623799,32.720499768002185,22.069855068496096
0.16,33.510677601848904,33.25797435703523,22.10869187072762
0.18,34.2549125576344,33.85325277117163,22.178701493358005
0.2,34.2549125576344,34.285232481295786,22.172797969964947
0.22,33.879408045731786,34.49316827051366,22.040956217908228
0.24,33.97264186281092,34.666697629442744,21.87817610606286
0.26,34.73410691847809,35.00107712139859,21.810412047562828
0.28,34.34986905982479,35.13338144878462,21.596794100408577
0.3,34.34986905982479,35.22478247356451,21.34224164604738
0.32,34.34986905982479,35.2860253928656,21.053238269909933
0.34,34.066301929461694,35.24518916032525,20.669014070633516
0.36,34.34986905982479,35.2893213328606,20.347199869448634
0.38,34.83128475509808,35.45168102347667,20.12472354928346
0.4,34.928916204995446,35.59200006999853,19.876691012186907
0.42,33.879408045731786,35.39042569158406,19.289029179922668
0.44,35.32404225817546,35.64758179897255,19.158584624751978
0.46,36.55540305115126,36.18027044258391,19.31495742785577
0.48,36.55540305115126,36.56338175022661,19.31152719091591
0.5,36.66125849211477,36.867155825758154,19.220434102027244
0.52,36.55540305115126,37.052178332990536,18.994727651055662
0.54,36.34522459903804,37.120323265506556,18.633760046959793
0.56,36.45005965557409,37.193417162809524,18.27953567746251
0.58,36.7676297209287,37.33137929478,18.00510240733494
0.6,37.30735625343642,37.58085173947053,17.869294929415272
0.62,37.19834865301043,37.724888244315345,17.602959588539758
0.64,37.4169028801516,37.886403273337336,17.361356110028726
0.66,36.981934695211024,37.87189480845546,16.895992198469525
0.68,36.981934695211024,37.85459894188695,16.4328154661739
0.7,36.87452051661699,37.80428377795326,15.932428712169944
0.72,36.981934695211024,37.79223228637796,15.490655190685125
0.74,36.981934695211024,37.77712105435484,15.051859296065416
0.76,37.19834865301043,37.822735248030725,14.703418292815925
0.78,37.4169028801516,37.91345694445886,14.423396007779795
0.8,37.526992541172156,38.005692551270904,14.15079269742532
0.82,37.74881719786542,38.13163320747822,13.930798129023236
0.84,37.74881719786542,38.217691874976964,13.65905090786792
0.86,38.085729457867345,38.37285704050456,13.491317201846533
0.88,38.1991637589715,38.513417070834585,13.306377542946537
0.9,37.637629284349295,38.446553606489395,12.827034585588422
0.92,38.65866693529182,38.690132621689926,12.808268997598143
0.94,38.42775340452619,38.794943431504336,12.587969095586102
0.96,38.65866693529182,38.933392979005596,12.422221808312049
0.98,38.89193996990062,39.09715082421766,12.297768431084764
1.0,38.77500626008972,39.17708693112423,12.05273408176982
1.02,38.89193996990062,39.26431233040801,11.824775164895682
1.04,39.009472631516815,39.357123972527475,11.611049837582446
1.06,39.009472631516815,39.419717333242865,11.357849369186034
1.08,39.485685786253434,39.59970888532177,11.287216206803501
1.1,38.89193996990062,39.5522237211802,10.876791665140438
1.12,39.1276088586343,39.5817612920093,10.593593054864739
1.14,39.1276088586343,39.59859947242677,10.299018590611725
1.16,39.1276088586343,39.6062967938741,9.99879721910586
1.18,38.89193996990062,39.53841169707399,9.592294257367318
1.2,38.89193996990062,39.484618351779815,9.218715159595499
1.22,39.60628337173739,39.6506146081574,9.190709101623732
1.24,40.84759106817055,40.13140370498297,9.644109149028857
1.26,40.59406781589484,40.40337597150724,9.765068192432796
1.28,40.84759106817055,40.67166037722509,9.87686820094556
1.3,40.34321701893965,40.714955744528986,9.640233416640308
1.32,39.849365527826905,40.5973499786124,9.163337016214962
1.34,39.727508316218774,40.471719684857206,8.68814189529841
1.36,39.971859966023196,40.447873888611156,8.383775879808457
1.38,39.971859966023196,40.42670197065152,8.092571802355177
1.4,40.72049272303495,40.627265917244664,8.15233039341689
1.42,41.10382971124022,40.882310452826545,8.294484204445332
1.44,41.10382971124022,41.0645253697168,8.3197330891961
1.46,41.75659632943582,41.38519893308709,8.558549726746985
1.48,41.36282760526018,41.49956365546957,8.470545352860322
1.5,41.10382971124022,41.5030883956632,8.213361039810382
1.52,41.36282760526018,41.577962167455475,8.07467129950573
1.54,41.75659632943582,41.74448751767195,8.082483197405782
1.56,42.42732268256908,42.05914773439361,8.320171902883063
1.58,41.493375236660924,42.010586392944695,7.986052783947543
1.6,41.88928136117537,42.08779494365572,7.857735839001136
1.62,43.11676030539587,42.50093503675519,8.256020978936577
1.64,42.97733840061897,42.75745980109484,8.398301690162551
1.66,43.539732758528096,43.105816562386806,8.679220064635299
1.68,43.39795088231456,43.314214343521016,8.733455894820978
1.7,44.26077888030279,43.71556619442484,9.08673746088023
1.72,45.30551257604322,44.31086419795999,9.731494320426288
1.74,45.153665233282936,44.695854573362546,10.028368293050066
1.76,45.45824671916698,45.06142812557437,10.285779414681505
1.78,46.712999192038986,45.69179810835305,10.948431538954846
1.8,47.19914663443624,46.289179099428225,11.539081118837636
1.82,48.198328456618505,47.01292837029777,12.308725138261844
1.84,48.539626482127,47.63522435975577,12.896078309673511
1.86,48.88517134131571,48.18453414452514,13.351209021015688
1.88,48.88517134131571,48.57892609810114,13.55018947918258
1.9,50.129192044153,49.22570179806276,14.137348936164718
1.92,50.49486431616281,49.798204268130476,14.590182753959315
1.94,52.5927912835114,50.82520126981554,15.739339035458698
1.96,52.5927912835114,51.56675542059361,16.40650571166886
1.98,54.0094451200499,52.51605489604053,17.37771842580663
2.0,54.42665911246731,53.32277369198866,18.095727016052344
2.02,56.15418235118875,54.41013968271748,19.23027531160232
2.04,56.15418235118875,55.19410477445957,19.854913298214274
2.06,57.2841100527893,56.08853043973797,20.632865594065432
2.08,57.2841100527893,56.73118993800169,20.99268594942971
2.1,57.05490145603797,57.12279933796532,20.94849583282677
2.12,58.45520670089496,57.81011786793198,21.368381410882712
2.14,57.51496490133897,58.02522262453866,21.03622650454862
2.16,57.51496490133897,58.172440279140716,20.608203058096716
2.18,57.51496490133897,58.270360270951954,20.116393600405768
2.2,59.42326001416268,58.89319627639368,20.461523687968217
2.22,60.16830193495086,59.556810924551264,20.859699438213013
2.24,60.42037732446235,60.10514469088211,21.06497813584963
2.26,61.4478874682506,60.7971564494691,21.488758004080587
2.28,61.1880848992798,61.21551872315248,21.470891091987685
2.3,63.049250095414735,62.057515624075364,22.116814861487942
2.32,63.049250095414735,62.66126252788041,22.36952626604697
2.34,63.599819374774626,63.25295595454723,22.59546218659648
2.36,62.23931096499693,63.27428912522353,21.92128137811226
2.38,64.15911188536178,63.84386551173728,22.126639781183442
2.4,64.44209439643933,64.33214170656473,22.19826801783005
2.42,64.72733659924334,64.76177829795581,22.17583033998036
2.44,61.4478874682506,64.10136525601582,20.447117972644687
2.46,61.1880848992798,63.534233220595155,18.918581711383084
2.48,61.70967735009104,63.265379712274836,17.904999647975956
2.5,64.15911188536178,63.780850002820856,18.151453887105724
2.52,65.01486566864565,64.3997779932518,18.552220269495173
2.54,66.18840960899779,65.18731526652948,19.204507839157884
2.56,66.7896423323799,65.92932898698164,19.76507793887494
2.58,66.7896423323799,66.46125335242417,19.97905656771973
2.6,66.7896423323799,66.83991783924071,19.946296388915876
2.62,65.3047092170089,66.67058362680032,19.056259479425616
2.64,65.59689530302624,66.62427546190729,18.38678293687086
2.66,66.7896423323799,66.93255382570297,18.29365546313165
2.68,66.7896423323799,67.14894246624995,18.059516288976194
2.7,66.48779626059645,67.20976286023956,17.589038157772432
2.72,66.7896423323799,67.33475316660721,17.233805895515665
2.74,66.18840960899779,67.24135598264898,16.547624814111042
2.76,66.18840960899779,67.16570775971815,15.910735249631525
2.78,67.40083496337037,67.45951066279079,15.872496860129738
2.8,68.02223705995355,67.84902492700189,15.98537857586949
2.82,66.7896423323799,67.76354369828933,15.35068518773923
2.84,66.7896423323799,67.69421306058122,14.761170016063895
2.86,67.40083496337037,67.81649995354869,14.490276176765468
2.88,68.02223705995355,68.0816053925854,14.451584857283413
2.9,68.02223705995355,68.26827385935397,14.291237590099094
2.92,68.02223705995355,68.39783256971347,14.04645275912501
2.94,66.48779626059645,68.03503462115002,13.038073801893404
2.96,66.18840960899779,67.67662511573123,12.06815662377017
2.98,65.89145244077598,67.32257175640858,11.135446283248456
3.0,67.71024390676675,67.59374854581337,11.211370716576749
3.02,67.40083496337037,67.69541567372227,11.019380508516702
3.04,67.71024390676675,67.85540781915645,10.924770918444423
3.06,66.7896423323799,67.69657402537284,10.33368218571509
3.08,67.71024390676675,67.8465411400907,10.244850758368496
3.1,66.48779626059645,67.59202365030366,9.525170627697738
3.12,66.7896423323799,67.49080696943382,9.068185249217594
3.14,66.7896423323799,67.41287440185782,8.661991432420072
3.16,65.3047092170089,66.9158128757295,7.611945896565931
3.18,66.18840960899779,66.80960339771092,7.207078494664007
3.2,66.48779626059645,66.81684416802098,6.992618729855263
3.22,66.7896423323799,66.9076141895654,6.915729408433233
3.24,66.7896423323799,66.97062900635682,6.7977693257281215
3.26,66.48779626059645,66.92477761845555,6.512961328964356
3.28,66.7896423323799,66.97706100063775,6.390808687438657
3.3,66.7896423323799,67.01225767752841,6.245715905188899
3.32,68.02223705995355,67.39721397102626,6.653084383755138
3.34,68.3368469340081,67.76725531166345,7.024325062859541
3.36,68.97404963883243,68.22103500015945,7.515115338299457
3.38,73.39388986338565,69.84701967302784,9.826851948346421
3.4,73.39388986338565,71.02792232225309,11.368915704286255
3.42,75.23389401001891,72.42425627665817,13.200151767264874
3.44,74.85918582853775,73.32610207786547,14.199369915517696
3.46,76.76767088833913,74.53782268047004,15.652719636417876
3.48,76.76767088833913,75.41405285910125,16.53496895781801
3.5,76.76767088833913,76.04529737147388,17.005791627036352
3.52,77.16009669995111,76.61302403966972,17.362358411201985
3.54,76.76767088833913,76.90368303683246,17.273709404257037
3.56,78.76726997687231,77.69519609377984,17.97245835933525
3.58,79.5940972051214,78.50695385075205,18.681029618798693
3.6,80.43702143600552,79.33787639382317,19.39742366412514
3.62,77.95608301483652,79.20585442161773,18.582854858594214
3.64,81.29651736461385,80.08257516428777,19.37407149802349
3.66,81.29651736461385,80.71288026250795,19.754471485307157
3.68,81.73263318664259,81.29150300910618,20.041989165093884
3.7,80.43702143600552,81.32351493244923,19.464194519597683
3.72,78.35974933042611,80.72763426712316,17.920864816416813
3.74,77.95608301483652,80.16643073192274,16.480213536166367
3.76,78.76726997687231,79.98810390109355,15.68450320089142
3.78,77.16009669995111,79.37872705413427,14.23845259655863
3.8,75.6120483993012,78.47313398954424,12.373664395356847
3.82,74.48787695941738,77.47698220976524,10.42543548524031
3.84,73.39388986338565,76.42456892348994,8.450109256041829
3.86,71.98012958664762,75.23808863827601,6.326646723312122
3.88,72.68073919821755,74.57606588013067,5.091316264345091
3.9,70.95201541890866,73.58318648144876,3.3763789763537666
3.92,68.97404963883243,72.27665590415401,1.223815139560323
3.94,68.65410658765225,71.22959383706794,-0.4548293080293475
3.96,69.95032399693449,70.84730563173726,-1.039461782142789
3.98,68.65410658765225,70.18823721538024,-2.039373802689051
4.0,68.97404963883243,69.8026911857163,-2.5794638994723966
4.02,68.02223705995355,69.2431413660085,-3.37522222611978
4.04,66.7896423323799,68.47460403409427,-4.473442996179545
4.06,66.48779626059645,67.82767498736739,-5.346746414522075
4.08,65.3047092170089,67.0108821593485,-6.458792445680998
4.1,64.44209439643933,66.16492001229501,-7.58169243421146
4.12,65.59689530302624,65.89094569458582,-7.773348054277506
4.14,65.59689530302624,65.6947613124234,-7.837134986250519
4.16,65.59689530302624,65.5553172680952,-7.810035327092045
4.18,66.7896423323799,65.80766918473432,-7.170006532238888
4.2,65.59689530302624,65.64447386333104,-7.201017207840973
4.22,65.3047092170089,65.44294156888496,-7.29111406811734
4.24,65.59689530302624,65.3851969643528,-7.153133656616016
4.26,63.599819374774626,64.7596030824,-7.909055707149295
4.28,64.15911188536178,64.47146612497703,-8.112641486275182
4.3,64.15911188536178,64.26511175623412,-8.181729926967012
4.32,63.87836231999941,64.0359234246265,-8.284424877831977
4.34,65.59689530302624,64.37754782007245,-7.489680289727185
4.36,66.48779626059645,64.89178084542749,-6.44943156489388
4.38,66.7896423323799,65.35830434726725,-5.516516033506616
4.4,66.7896423323799,65.70093410278629,-4.806919235056515
4.42,68.97404963883243,66.59472170344709,-3.256123995256974
4.44,69.95032399693449,67.53464794649645,-1.6816377812561338
4.46,69.95032399693449,68.22065060629575,-0.5542734625339085
4.48,70.28134842428764,68.81827916530975,0.3993239799492353
4.5,69.62212327326358,69.06009787381007,0.7656401972771201
4.52,70.61523315373492,69.52782843379455,1.4743875122326113
4.54,70.95201541890866,69.96709504435408,2.1163377198794637
4.56,71.2917331025032,70.38617977806449,2.7065581795350218
4.58,74.11992135423625,71.52142329070706,4.400204162011519
4.6,74.11992135423625,72.34703971434277,5.555730872145551
4.62,73.75527379255409,72.83926312153382,6.152767239579104
4.64,77.16009669995111,74.19567455465203,8.08491487905102
4.66,77.55621660607466,75.29723036837126,9.557274338658216
4.68,77.16009669995111,75.97954689176632,10.326731748937878
4.7,77.16009669995111,76.47225851872015,10.77505014126597
4.72,76.76767088833913,76.71123841101671,10.811831637969798
4.74,76.37888773605995,76.7662937088643,10.559328605339713
4.76,76.76767088833913,76.91583583981594,10.462757817655907
4.78,76.76767088833913,77.02007680902942,10.29824496519762
4.8,78.35974933042611,77.55913820140756,10.820066407883225
4.82,77.16009669995111,77.59471526379112,10.536791195237358
4.84,76.76767088833913,77.5005391874032,10.059123092482947
4.86,77.16009669995111,77.54258593560685,9.809824672797875
4.88,78.76726997687231,78.04096404051802,10.283215572305025
4.9,78.76726997687231,78.39959892085344,10.522855817930958
4.92,80.01351795789061,79.02240948390114,11.168839437268574
4.94,80.43702143600552,79.5957850281555,11.717139604799288
4.96,81.29651736461385,80.26097013553287,12.392087475204734
4.98,79.5940972051214,80.24005806571196,11.971063791321791
5.0,79.5940972051214,80.2193437648031,11.56354125074741
5.02,80.01351795789061,80.32219051190178,11.36235497955449
5.04,81.73263318664259,80.89707424303073,11.90695470722318
5.06,80.01351795789061,80.80564617890701,11.39066220836245
5.08,80.01351795789061,80.73378874904108,10.921204868050605
5.1,80.43702143600552,80.80084361344296,10.684073230365344
5.12,82.17307853612358,81.35492156912608,11.21733072275082
5.14,80.43702143600552,81.24366279378042,10.691578860720357
5.16,80.8646675441235,81.2833149489226,10.418713291622705
5.18,81.29651736461385,81.43434545342737,10.32887984336382
5.2,82.61791820656622,81.92797559926035,10.778569918737718
5.22,85.38303333627323,83.09534579113846,12.269636531751948
5.24,83.52104621396431,83.393715020506,12.352628324978667
5.26,83.52104621396431,83.60559205405401,12.29752312490575
5.28,85.38303333627323,84.30151234593832,13.002435756779793
5.3,85.38303333627323,84.80291917749412,13.380541963429748
5.32,87.32323008722393,85.73239951905005,14.417411867907274
5.34,87.82108002988049,86.5497063344045,15.246066502965293
5.36,89.34666976983232,87.58681864271739,16.393100455662083
5.38,93.10473457855282,89.43957890855165,18.781971841101534
5.4,92.55001836231199,90.61873442392593,20.04074209750054
5.42,92.55001836231199,91.46921890138762,20.745184457761848
5.44,93.10473457855282,92.24275260082501,21.307006184555636
5.46,96.56734482779825,93.81430333142254,23.10138074078335
5.48,95.97370357313925,94.77503878189863,23.882645246751878
5.5,96.56734482779825,95.63895208259137,24.48775211672327
5.52,98.39005931319605,96.79311872067055,25.528604416720103
5.54,96.56734482779825,97.08734378842243,25.189680027767967
5.56,95.97370357313925,97.11591650641094,24.445209653763598
5.58,97.16787042949227,97.47643962390792,24.24409074063314
5.6,96.56734482779825,97.55175488403816,23.60247296324832
5.62,97.7754008313928,97.95082049999392,23.488138111405306
5.64,97.7754008313928,98.23102115387196,23.19117436437105
5.66,97.16787042949227,98.24620184318675,22.48834061992687
5.68,98.39005931319605,98.60608892988242,22.347537057553495
5.7,101.5747963289504,99.79396113142332,23.508247999652493
5.72,97.7754008313928,99.53290964020582,22.362740706912696
5.74,99.01197206452022,99.6956982600369,21.917102346792653
5.76,99.01197206452022,99.8043635959738,21.40063820504642
5.78,96.56734482779825,99.15554743329258,19.7137021581183
5.8,100.27808020511569,99.76379236819606,20.04890415852711
5.82,100.9225433161461,100.38741293986179,20.397690888014044
5.84,95.38682895832281,99.2062753943026,17.908255994762072
5.86,97.7754008313928,99.03879983012983,17.084799086818528
5.88,97.7754008313928,98.90890022253798,16.346008012179826
5.9,98.39005931319605,98.98732593547447,15.956722183490362
5.92,96.56734482779825,98.50167634553378,14.69596556344036
5.94,95.97370357313925,97.9664909144275,13.397108666237642
5.96,95.38682895832281,97.39777384701999,12.086417061139217
5.98,96.56734482779825,97.32448987530405,11.592925835534189
6.0,101.5747963289504,98.73701517261378,13.442531938930724
6.02,99.64126827127339,99.19255445050715,13.734994174722232
6.04,97.7754008313928,98.97016808091144,12.95626999705398
6.06,98.39005931319605,98.98271671328607,12.569988362066757
6.08,97.7754008313928,98.8055288426223,11.898572578845393
6.1,95.38682895832281,97.96912769020317,10.215484548195487
6.12,95.97370357313925,97.52712998234273,9.202993869339034
6.14,95.97370357313925,97.20069616349754,8.403265891558108
6.16,95.97370357313925,96.95887722871035,7.761150412146732
6.18,93.10473457855282,95.93610193542796,5.915724686848504
6.2,97.7754008313928,96.5600616796896,6.707857198447815
6.22,99.01197206452022,97.37520170567574,7.774669712078131
6.24,96.56734482779825,97.24765157606967,7.331260074139225
6.26,96.56734482779825,97.15131454479491,6.950640888084647
6.28,97.7754008313928,97.43284759420978,7.173909887364209
6.3,97.7754008313928,97.63481635588117,7.265539893319755
6.32,97.7754008313928,97.77873850522286,7.263364467677439
6.34,100.9225433161461,98.80501102296931,8.643527504491043
6.36,97.7754008313928,98.62457873364744,8.090051198041731
6.38,98.39005931319605,98.6699361976606,7.907633327925114
6.4,100.9225433161461,99.44346396275328,8.871666159376527
6.42,99.01197206452022,99.44198796767523,8.59139083287067
6.44,100.27808020511569,99.80898440354898,8.897137615688997
6.46,101.5747963289504,100.45346160255652,9.628000019320414
6.48,104.26460217515344,101.70920269726048,11.293555683242026
6.5,105.66010937888369,103.02953262218843,13.008110317262549
6.52,106.37107291017698,104.19503957780324,14.426403102062919
6.54,105.66010937888369,104.82924929834753,14.967940237498786
6.56,100.9225433161461,103.89281730785197,13.031978086181981
6.58,103.57973325749407,103.98489019389673,12.767905311608692
6.6,102.90324393162369,103.84742085321648,12.152510641111615
6.62,103.57973325749407,103.94041035262697,11.917428892085088
6.64,106.37107291017698,104.82288629741524,12.926504382777129
6.66,106.37107291017698,105.46033248443969,13.52010584814999
6.68,102.90324393162369,104.89998492911494,12.218672038251974
6.7,104.26460217515344,104.8858757590355,11.813738975683641
6.72,107.09106677643179,105.70064104848032,12.71998923789676
6.74,105.66010937888369,105.86838653878847,12.584238563132795
6.76,104.95800735039303,105.77864339165517,12.049365241502482
6.78,105.66010937888369,105.91399914835264,11.883885226615334
6.8,109.30698428892545,107.07874290706759,13.336206120900393
6.82,106.37107291017698,107.05917869476144,12.8877132347281
6.84,102.90324393162369,106.0201397453655,10.856186061537166
6.86,103.57973325749407,105.4564501560811,9.63298143625514
6.88,110.06487625693838,106.94651337621593,11.665464812891546
6.9,104.26460217515344,106.32329695562575,10.323650829416806
6.92,97.7754008313928,103.95763441307203,6.294200933427229
6.94,99.01197206452022,102.5934390735212,3.9598760205434367
6.96,102.90324393162369,102.74039171413945,4.066019672694409
6.98,104.95800735039303,103.44938051755507,5.0493109305280015
7.0,102.90324393162369,103.36023452333318,4.751454068936432
7.02,103.57973325749407,103.49183423759312,4.808744802443291
7.04,106.37107291017698,104.40570566754998,6.089729858564853
7.06,105.66010937888369,104.86027400664268,6.611045741408207
7.08,102.90324393162369,104.37864866064612,5.649407952485605
7.1,104.26460217515344,104.42493139832362,5.544908734991809
7.12,107.09106677643179,105.2865880077235,6.721030065752137
7.14,103.57973325749407,104.88002047731688,5.873530188296033
7.16,100.9225433161461,103.800223993155,3.9979184127217096
7.18,100.27808020511569,102.82184281747861,2.339947412623455
7.2,105.66010937888369,103.68880744466392,3.624800576002766
7.22,102.90324393162369,103.50919557959247,3.2298540291374365
7.24,100.27808020511569,102.60547397700792,1.7129076911126633
7.26,100.9225433161461,102.1352020680718,0.9225222070461752
7.28,100.9225433161461,101.79193829963312,0.3558688317431944
7.3,103.57973325749407,102.32223947768001,1.1754768445444246
7.32,105.66010937888369,103.319546670549,2.701006418536475
7.34,107.09106677643179,104.4658115660185,4.412092581067278
7.36,99.01197206452022,102.92572540327564,1.8611904230799157
7.38,103.57973325749407,103.14416754407975,2.145082999367931
7.4,99.64126827127339,102.14527161497584,0.51302625480503
7.42,100.27808020511569,101.60391490702798,-0.3511249344797499
7.44,104.95800735039303,102.58442710350607,1.195924777112186
7.46,106.37107291017698,103.71387868323475,2.9278281192593605
7.48,100.27808020511569,102.74575305854098,1.319450824576462
7.5,101.5747963289504,102.4203479570828,0.7683380470931975
7.52,107.09106677643179,103.8035113435956,2.9110975728758604
7.54,104.26460217515344,103.98010086163784,3.0965295487278115
7.56,106.37107291017698,104.72633094414472,4.1685377892501245
7.58,106.37107291017698,105.26845073670415,4.8872037444927034
7.6,115.65990299518232,108.39060610025263,9.62517865795283
7.62,100.9225433161461,106.33234610451898,6.0991829160583055
7.64,100.27808020511569,104.63967574790144,3.2563866232269127
7.66,100.27808020511569,103.40418065264858,1.218860063028572
7.68,111.6106834125183,105.83256158738752,4.984918410917348
7.7,100.9225433161461,104.46034689112614,2.679052406361897
7.72,100.27808020511569,103.26938656740911,0.7293817975113077
7.74,101.5747963289504,102.78179784810472,-0.05731642116585278
7.76,103.57973325749407,103.01543103599363,0.31048390501859646
7.78,104.26460217515344,103.38683726009579,0.8825926257908518
7.8,105.66010937888369,104.06721660348013,1.9208066537505644
7.82,107.09106677643179,104.9827880095351,3.2949384374092086
7.84,101.5747963289504,104.02801732630873,1.6959805587167123
7.86,102.23498134215313,103.52515611682553,0.8550717604166137
7.88,106.37107291017698,104.37339643319451,2.1571152964007667
7.9,104.95800735039303,104.5756285201008,2.406341780276327
7.92,106.37107291017698,105.13713759292963,3.2105948823961774
7.94,106.37107291017698,105.54502784746809,3.748993690574018
7.96,105.66010937888369,105.63179005508862,3.7674516305436274
7.98,106.37107291017698,105.90221057329158,4.073046246109542
8.0,104.26460217515344,105.47858892020346,3.281795204022955
8.02,104.26460217515344,105.16825679447078,2.692812118221783
8.04,102.90324393162369,104.54080230083552,1.6254859950989407
8.06,104.26460217515344,104.4826094745556,1.483393419922273
8.08,100.27808020511569,103.26822093551603,-0.4655174545686225
8.1,97.7754008313928,101.64779158938168,-2.9894603519026877
8.12,100.9225433161461,101.39248276239192,-3.295757004708804
8.14,100.27808020511569,101.01850981416995,-3.7783534598555915
8.16,100.9225433161461,100.93694915532318,-3.787742883016492
8.18,99.01197206452022,100.31787127962018,-4.638900541056764
8.2,97.7754008313928,99.50534511494628,-5.766441861170758
8.22,98.39005931319605,99.09621728150584,-6.226700781279771
8.24,99.01197206452022,98.98352058390404,-6.208156704272115
8.26,99.01197206452022,98.90419740013446,-6.137911443478651
8.28,100.9225433161461,99.41052049263945,-5.152406750253754
8.3,102.90324393162369,100.36395190279529,-3.497349582482074
8.32,102.90324393162369,101.06062970831331,-2.296372363987401
8.34,94.80660594432865,99.19069129759211,-5.153827042561684
8.36,98.39005931319605,98.88266484750535,-5.474896975120357
8.38,100.9225433161461,99.40467871661748,-4.4855847350799
8.4,101.5747963289504,99.9789311779561,-3.4454333751871724
8.42,98.39005931319605,99.46343962990603,-4.145040102868638
8.44,97.16787042949227,98.73043109575653,-5.163484299683832
8.46,96.56734482779825,98.0219633206043,-6.111574056813225
8.48,99.01197206452022,98.22652096466521,-5.5996335403262965
8.5,96.56734482779825,97.65994778147908,-6.311769178720299
8.52,95.97370357313925,97.07536364584344,-7.029808056910604
8.54,95.38682895832281,96.47996512681372,-7.742291233509523
8.56,95.38682895832281,96.0494386769227,-8.174166319854091
8.58,95.97370357313925,95.9117367997662,-8.133777679528189
8.6,93.10473457855282,94.97212728983767,-9.350904995634389
8.62,96.56734482779825,95.3087507665174,-8.530579842485437
8.64,96.56734482779825,95.55805642875211,-7.872746879507352
8.66,93.66566745505709,94.89085767578527,-8.671300111542035
8.68,93.66566745505709,94.40841110305644,-9.155404808631927
8.7,93.66566745505709,94.06087556729707,-9.412993148806569
8.72,94.23292208513246,93.97847791316421,-9.24715178600425
8.74,89.86616758391864,92.63962864993019,-11.054835409915029
8.76,91.45882705691643,92.13655947508998,-11.496567153958445
8.78,92.55001836231199,92.09566367108302,-11.200428316876158
8.8,90.92215311230264,91.59268036664984,-11.637463886592096
8.82,90.92215311230264,91.23130682341635,-11.838963776999858
8.84,90.92215311230264,90.97326309622727,-11.872276190175999
8.86,89.34666976983232,90.32766977759181,-12.511671374343281
8.88,96.56734482779825,91.9842470068906,-9.524504552654125
8.9,91.45882705691643,91.69535062452208,-9.678665642228951
8.92,91.45882705691643,91.48915802686454,-9.698434730875785
8.94,87.82108002988049,90.27445557870337,-11.297493342968831
8.96,89.34666976983232,89.84229814233159,-11.620533497918968
8.98,90.3912979962197,89.83947498031978,-11.260866855627164
9.0,90.92215311230264,89.99853255663702,-10.658870392202756
9.02,88.32421328852301,89.35605466176534,-11.331402909692281
9.04,89.34666976983232,89.1932551746467,-11.231410501367337
9.06,91.45882705691643,89.70027673901006,-10.085224369367939
9.08,90.92215311230264,89.91683687974044,-9.429980381007967
9.1,95.97370357313925,91.56322797196009,-6.555325093571114
9.12,87.32323008722393,90.22488135208842,-8.446560394501123
9.14,91.45882705691643,90.4681317113998,-7.8008459929823655
9.16,91.45882705691643,90.64903220345772,-7.2730387296088015
9.18,92.00141602962864,90.94365560828976,-6.583612721395463
9.2,90.3912979962197,90.68838109878185,-6.777245242876838
9.22,90.3912979962197,90.50537439104684,-6.851597839107931
9.24,90.92215311230264,90.5310584581276,-6.596690564433971
9.26,93.10473457855282,91.19406433953716,-5.351355865458144
9.28,91.45882705691643,91.19627340349392,-5.1802289131074435
9.3,92.55001836231199,91.52085508356154,-4.509441921313433
9.32,93.10473457855282,91.92252700855278,-3.738903877516078
9.34,96.56734482779825,93.23442114412599,-1.5665742794721251
9.36,95.97370357313925,94.01712827808898,-0.2913196299098475
9.38,95.97370357313925,94.58787834473728,0.6119321235346328
9.4,96.56734482779825,95.1781114263678,1.5174052525183446
9.42,92.55001836231199,94.42737857024395,0.2937813316168336
9.44,95.97370357313925,94.88585615528496,1.0028174117219772
9.46,92.55001836231199,94.21372338095262,-0.08155054789035754
9.48,93.10473457855282,93.88673776062646,-0.5912437840437286
9.5,95.97370357313925,94.49156202019388,0.3747849251424771
9.52,98.39005931319605,95.64227928052041,2.1657301913475124
9.54,90.92215311230264,94.28603953649768,-0.02678027012386952
9.56,91.45882705691643,93.4549933614162,-1.3278395074314158
9.58,91.45882705691643,92.84974236863283,-2.234408870185294
9.6,96.56734482779825,93.91045897534786,-0.5027065200303735
9.62,95.97370357313925,94.50956414560689,0.4515887822212741
9.64,96.56734482779825,95.12054219853844,1.3945843237831443
9.66,92.55001836231199,94.38498915748434,0.19858893108120768
9.68,97.16787042949227,95.20543689327003,1.4776618590975406
9.7,93.10473457855282,94.60909625197901,0.49715054245498036
9.72,93.10473457855282,94.17411891926375,-0.19985169206708675
9.74,89.34666976983232,92.75293550627464,-2.4199840984364425
9.76,90.92215311230264,92.18085103562206,-3.2403769466790866
9.78,91.45882705691643,91.92294565632918,-3.5428796938755527
9.8,91.45882705691643,91.73654340125495,-3.723889369441362
9.82,91.45882705691643,91.60235176002774,-3.8174357540005337
9.84,91.45882705691643,91.50626595769936,-3.8483554323520854
9.86,86.83058067641292,90.07814191836792,-5.965047585226783
9.88,86.83058067641292,89.03972167874869,-7.404919253797049
9.9,84.91039196335532,87.72189118514285,-9.23739534807033
9.92,90.92215311230264,88.5316985707887,-7.6793473259242555
9.94,84.91039196335532,87.35925522176393,-9.275464921974958
9.96,85.38303333627323,86.64761372038726,-10.099691834512583
9.98,87.32323008722393,86.70347197734992,-9.695746525982827
10.0,87.32323008722393,86.74862365769152,-9.321230133598974
10.02,86.83058067641292,86.64105269949192,-9.197699782172133
10.04,87.32323008722393,86.71157818652122,-8.799037930385483
10.06,87.82108002988049,86.91328718008309,-8.207357632943213
10.08,86.83058067641292,86.77306823811023,-8.16987223458481
10.1,86.83058067641292,86.67457668855262,-8.068192114544246
10.12,86.3430507338441,86.46321723685456,-8.146514115273481
10.14,85.86056087198389,86.17109031284238,-8.348910677410684
10.16,87.32323008722393,86.39168431939366,-7.741748727287467
10.18,88.8327144137194,86.99954471935358,-6.546927254231591
10.2,89.34666976983232,87.59669010464393,-5.406327293516242
10.22,87.82108002988049,87.5862607686561,-5.2532770350157145
10.24,87.32323008722393,87.43478323080923,-5.325985029126816
10.26,84.91039196335532,86.61786471854914,-6.438879879414656
10.28,85.38303333627323,86.16411564395628,-6.947972908997277
10.3,85.38303333627323,85.8364930179356,-7.243528397657433
10.32,86.83058067641292,86.02626163499654,-6.719290153469966
10.34,86.83058067641292,86.16767824226838,-6.28722428128626
10.36,86.3430507338441,86.13040542970866,-6.148626541913631
10.38,89.34666976983232,86.98853956207944,-4.61164684104662
10.4,88.8327144137194,87.46524577434067,-3.720359526466919
10.42,86.3430507338441,87.08298631667455,-4.20263398570611
10.44,87.32323008722393,87.09421570903366,-4.053367227946979
10.46,90.92215311230264,88.16165946231277,-2.2541354932202493
10.48,91.45882705691643,89.09856879749952,-0.7157687730108473
10.5,86.3430507338441,88.27885616316796,-1.9774860606809637
10.52,87.82108002988049,88.11642665370576,-2.16998678182291
10.54,88.32421328852301,88.14682839765361,-2.0543710386334797
10.56,86.3430507338441,87.58784206481039,-2.865699862300765
10.58,90.3912979962197,88.37105557351016,-1.548948317230711
10.6,90.92215311230264,89.09872074113972,-0.3604734267572707
10.62,89.34666976983232,89.16647980927277,-0.2430293981071508
10.64,91.45882705691643,89.83656562415136,0.8143265033870917
10.66,90.3912979962197,90.01105381039926,1.0621616708673687
10.68,91.45882705691643,90.45142816724506,1.718763091353114
10.7,91.45882705691643,90.77168909745326,2.166625169502088
10.72,91.45882705691643,91.00417913808077,2.4629551261747253
10.74,92.55001836231199,91.4931509013628,3.1517991215763552
10.76,93.66566745505709,92.17597683112434,4.122748156548599
10.78,90.3912979962197,91.70984614994676,3.2633461861945827
10.8,92.55001836231199,92.00278926778951,3.620018607098084
10.82,93.10473457855282,92.37768192735749,4.093896242300274
10.84,93.66566745505709,92.8139283056657,4.64904191608212
10.86,93.66566745505709,93.12984116813611,4.998282226681113
10.88,93.66566745505709,93.35786774305639,5.198899608928464
10.9,88.8327144137194,92.10175306738527,3.0682089305617253
10.92,89.34666976983232,91.3356121925299,1.7718580675648505
10.94,89.34666976983232,90.77626306721606,0.8400792067748948
10.96,89.86616758391864,90.52073150335735,0.4134482031985691
10.98,88.32421328852301,89.8812083293476,-0.601368435946402
11.0,88.8327144137194,89.5646550241164,-1.078431940209988
11.02,92.00141602962864,90.26537225109699,0.05308490251867548
11.04,93.10473457855282,91.10035971341877,1.359494307101457
11.06,93.10473457855282,91.70846956188953,2.2695504950874583
11.08,93.10473457855282,92.15076307988076,2.8913290651783163
11.1,93.10473457855282,92.47188746951797,3.3038055082267364
11.12,90.92215311230264,92.06321965545987,2.5600823209297916
11.14,90.92215311230264,91.76411902913551,2.011306634693545
11.16,92.00141602962864,91.86224687680013,2.102014163133253
11.18,91.45882705691643,91.77340579636224,1.8969783532942075
11.2,90.3912979962197,91.39411891682408,1.2433607568161653
11.22,92.55001836231199,91.75129656706365,1.7639508336069587
11.24,92.55001836231199,92.0108839589677,2.1153473049531555
11.26,90.92215311230264,91.72087883566196,1.5947546679021916
11.28,93.10473457855282,92.1499957054048,2.217033396546059
11.3,93.10473457855282,92.46182196355525,2.6360703248012705
11.32,93.66566745505709,92.85275702593196,3.165908254903962
11.34,96.56734482779825,93.98886071306288,4.846510000442361
11.36,95.97370357313925,94.64048162892243,5.715476038990489
11.38,97.7754008313928,95.64228143571081,7.105798422338922
11.4,99.64126827127339,96.9175909609759,8.88103404074376
11.42,95.97370357313925,96.76569951626139,8.364827732989557
11.44,92.00141602962864,95.48404044853459,6.094926342470938
11.46,92.55001836231199,94.70807392669725,4.688351088526841
11.48,92.00141602962864,93.9790435088545,3.3993750678416097
11.5,93.10473457855282,93.77017334975075,2.9656560644810135
11.52,90.92215311230264,92.9752780873129,1.6274723630216545
11.54,92.55001836231199,92.87331787061696,1.416752539353163
11.56,93.10473457855282,92.9613206762545,1.5102267062714938
11.58,93.10473457855282,93.02478744056731,1.562334570299596
11.6,96.56734482779825,94.08769808795935,3.178516192469308
11.62,98.39005931319605,95.39667452045147,5.129541478607612
11.64,99.01197206452022,96.53133947254582,6.746365658476368
11.66,97.7754008313928,96.99214327925463,7.256876466670597
11.68,100.27808020511569,98.06008423188894,8.702519619133675
11.7,98.39005931319605,98.27994711292519,8.77428843668145
11.72,98.39005931319605,98.43622536626081,8.744198373716987
11.74,93.10473457855282,96.99327233348687,6.2097312031853455
11.76,93.10473457855282,95.93847947422918,4.362755846281514
11.78,95.97370357313925,96.0104472723927,4.338807075470793
11.8,96.56734482779825,96.23535055777194,4.5551939620629724
11.82,93.66566745505709,95.54468424871715,3.330490313405769
11.84,93.66566745505709,95.03964631178206,2.4349597760063446
11.86,95.38682895832281,95.17604341972061,2.572345359297195
11.88,100.27808020511569,96.71141242471802,4.89702444622152
11.9,97.16787042949227,96.91468953313662,5.062042432533971
11.92,94.80660594432865,96.36680514433242,4.045137389788327
11.94,92.55001836231199,95.30252133705721,2.2511138092198575
11.96,93.66566745505709,94.85338882002027,1.4769819897670056
11.98,93.66566745505709,94.52528300704212,0.9167026423387743
12.0,91.45882705691643,93.6372698483941,-0.5031605776790276
12.02,90.92215311230264,92.83243042304747,-1.7482391742674153
12.04,91.45882705691643,92.40415804150481,-2.3643860389045193
12.06,91.45882705691643,92.0930147561107,-2.7777362504392786
12.08,93.66566745505709,92.51584632547363,-2.0283070077335417
12.1,90.92215311230264,92.01895337202892,-2.74317836197965
12.12,90.3912979962197,91.50198526328558,-3.4671009757009874
12.14,92.55001836231199,91.76094106044852,-2.9527969769685467
12.16,91.45882705691643,91.63047183238096,-3.0646714335958807
12.18,92.55001836231199,91.85736060105339,-2.613211664664397
12.2,93.10473457855282,92.18694520258161,-2.0150158415917696
12.22,93.66566745505709,92.59295139885528,-1.315842064946319
12.24,93.10473457855282,92.72473460749995,-1.0681660715180852
12.26,90.92215311230264,92.18002865227542,-1.8880229075821233
12.28,91.45882705691643,91.94146523238835,-2.202596325167373
12.3,91.45882705691643,91.76855156055726,-2.4044682461461084
12.32,93.66566745505709,92.29198614409242,-1.5091316428187542
12.34,88.8327144137194,91.25429721793677,-3.0874684122702742
12.36,88.32421328852301,90.34979776665685,-4.407701796774404
12.38,89.86616758391864,90.14544823523481,-4.589731054746087
12.4,90.92215311230264,90.30882887650327,-4.189979210096385
12.42,93.10473457855282,91.07112022672666,-2.864512122709755
12.44,93.10473457855282,91.62816209333064,-1.9021132148021742
12.46,93.66566745505709,92.19993988205522,-0.946782792716749
12.48,96.56734482779825,93.46976215432352,1.0721564818133253
12.5,97.16787042949227,94.571452302085,2.7644472398333813
12.52,99.01197206452022,95.91517310755872,4.782875704414064
12.54,96.56734482779825,96.17434097354013,5.039027355570272
12.56,92.55001836231199,95.18064285051898,3.324441610608078
12.58,93.10473457855282,94.61767047486431,2.338341795721397
12.6,92.55001836231199,94.04319641074082,1.3651197307692344
12.62,93.10473457855282,93.78674603350424,0.9205990005004849
12.64,95.97370357313925,94.44230194197345,1.9187343932103667
12.66,93.10473457855282,94.07640883846166,1.2854175354622948
12.68,93.66566745505709,93.97388317677768,1.0845290068241606
12.7,93.66566745505709,93.89864344514103,0.9326801537069076
12.72,93.66566745505709,93.84336534464099,0.8168604045346987
12.74,91.45882705691643,93.15429738457387,-0.28821151577925297
12.76,91.45882705691643,92.65207783376779,-1.0659472896710587
12.78,90.92215311230264,92.1287506219881,-1.8523821834721346
12.8,92.00141602962864,92.0651756218047,-1.8939393454083016
12.82,92.00141602962864,92.01969275304228,-1.905851729547549
12.84,89.86616758391864,91.36004418403257,-2.8795290958043136
12.86,90.92215311230264,91.19071689130611,-3.0545733216741864
12.88,86.83058067641292,89.86651603457271,-5.033332171925523
12.9,86.3430507338441,88.7601913023976,-6.608773585548358
12.92,89.34666976983232,88.83916472352757,-6.27799246426275
12.94,89.34666976983232,88.89960670978391,-5.98660615911183
12.96,90.92215311230264,89.40930095473153,-5.000560923375923
12.98,91.45882705691643,89.9408488228469,-4.011174618729885
13.0,91.45882705691643,90.33019560163275,-3.2755563603199533
13.02,88.8327144137194,89.84395500168586,-3.9346617190008684
13.04,88.32421328852301,89.34186494965695,-4.597945680409832
13.06,89.34666976983232,89.27833634741648,-4.553407392066546
13.08,88.8327144137194,89.0830961700932,-4.7166009577775245
13.1,88.8327144137194,88.94291492163973,-4.788427332394967
13.12,90.92215311230264,89.45680750861271,-3.8333458698779665
13.14,90.92215311230264,89.83320181976912,-3.123590307460648
13.16,91.45882705691643,90.26671257530161,-2.3465951469187774
13.18,91.45882705691643,90.58382692331399,-1.7762884525804559
13.2,93.66566745505709,91.46421966126306,-0.3414310556243332
13.22,93.10473457855282,91.94139974770154,0.41680613350604756
13.24,90.3912979962197,91.49184868188736,-0.3005096695336683
13.26,94.80660594432865,92.46151862254659,1.2279689524226236
13.28,92.00141602962864,92.34367867250424,1.0048893562513128
13.3,92.55001836231199,92.41849649859377,1.0906125423970554
13.32,89.34666976983232,91.53136160560412,-0.3333236733350289
13.34,93.10473457855282,91.98892911400668,0.3939348739180286
13.36,98.39005931319605,93.87521952358772,3.336612545609139
13.38,98.39005931319605,95.24885754774266,5.383981827405576
13.4,98.39005931319605,96.24782129759889,6.780247535538819
13.42,96.56734482779825,96.437463667875,6.864901345439051
13.44,96.56734482779825,96.57258253292709,6.861487519334078
13.46,95.97370357313925,96.49353497556159,6.5226723382344165
13.48,95.38682895832281,96.26049657059781,5.953234153287362
13.5,97.7754008313928,96.78967516992688,6.595709419206014
13.52,98.39005931319605,97.3530429248395,7.271614902766768
13.54,98.39005931319605,97.76043300714562,7.681992094132106
13.56,98.39005931319605,98.05392321294025,7.901078538605454
13.58,95.97370357313925,97.55432346170959,6.870863720300611
13.6,100.9225433161461,98.6409881424153,8.357933423620338
13.62,100.9225433161461,99.42938111684977,9.3311451584411
13.64,99.01197206452022,99.43853240023502,9.05312209803791
13.66,101.5747963289504,100.19405579860545,9.953059752170596
13.68,104.26460217515344,101.5306044061531,11.735022028619065
13.7,100.9225433161461,101.51769169884194,11.347116822960809
13.72,97.16787042949227,100.39992761191458,9.240529890189912
13.74,96.56734482779825,99.4043812694818,7.391409172787797
13.76,95.97370357313925,98.50080276971191,5.744299036782724
13.78,96.56734482779825,98.01386146214378,4.80148990069428
13.8,99.01197206452022,98.3749331011871,5.2166985062603874
13.82,96.56734482779825,97.91752206036048,4.336681367173544
13.84,93.10473457855282,96.5647193527638,2.081536021175541
13.86,93.66566745505709,95.74234328884695,0.7280023650091814
13.88,99.01197206452022,96.71328041930096,2.2262412602317405
13.9,95.97370357313925,96.52742704609128,1.8653359399814877
13.92,95.38682895832281,96.21865162127315,1.3231714134118824
13.94,95.38682895832281,95.99294060502778,0.9281205827232972
13.96,92.55001836231199,94.99447853167761,-0.6651271724433416
13.98,93.10473457855282,94.42985565927462,-1.528813238447807
14.0,95.97370357313925,94.86186354533588,-0.8041392795091162
14.02,96.56734482779825,95.35159632287497,-0.011739959368468389
14.04,93.66566745505709,94.8560849839347,-0.7876290817866299
14.06,95.97370357313925,95.1733300453443,-0.2659624404418366
14.08,93.10473457855282,94.56179622604277,-1.2156445944387353
14.1,93.66566745505709,94.2813336804677,-1.616922898687779
14.12,93.66566745505709,94.07760673417077,-1.8854162617369985
14.14,88.32421328852301,92.36056358689729,-4.516224541022611
14.16,88.32421328852301,91.11085077994618,-6.332496282044822
14.18,88.32421328852301,90.20266554378674,-7.556831976442053
14.2,91.45882705691643,90.46500948321945,-6.909082572225414
14.22,90.92215311230264,90.50174132910173,-6.6350670091065105
14.24,86.83058067641292,89.3293994533279,-8.263744562040918
14.26,87.32323008722393,88.62324833636647,-9.111069130090453
14.28,89.34666976983232,88.70711535529679,-8.694221006306098
14.3,89.34666976983232,88.77222873366156,-8.319812413838765
14.32,90.92215311230264,89.28639444879622,-7.253659301062817
14.34,91.45882705691643,89.82223144211268,-6.186960681024212
14.36,89.34666976983232,89.59512269473451,-6.348897074926568
14.38,88.32421328852301,89.1320443729233,-6.87542439490684
14.4,90.3912979962197,89.40492085235938,-6.2325245064578585
14.42,90.3912979962197,89.60670321405797,-5.721142119843212
14.44,89.34666976983232,89.44949828185777,-5.7881635824977655
14.46,93.10473457855282,90.44169857985898,-4.052452696299116
14.48,90.92215311230264,90.52562581581337,-3.7940045395603716
14.5,91.45882705691643,90.74622556658433,-3.3295458672414604
14.52,89.34666976983232,90.28799405123864,-3.9430812469665026
14.54,93.66566745505709,91.22470265368268,-2.3521116991829434
14.56,89.34666976983232,90.63969405304825,-3.1948777472565992
14.58,89.86616758391864,90.36729926265194,-3.521504841529085
14.6,90.3912979962197,90.32461345539498,-3.4780412595469365
14.62,90.3912979962197,90.29508310470908,-3.4153304157238273
14.64,90.3912979962197,90.27511482816233,-3.339604668986211
14.66,90.92215311230264,90.41805440906907,-3.0110437305121267
14.68,93.66566745505709,91.32971364530374,-1.488518139707213
14.7,89.34666976983232,90.72604878732652,-2.387568388383153
14.72,90.92215311230264,90.74994506069893,-2.2753268002085223
14.74,90.92215311230264,90.76840560484933,-2.1751174066653984
14.76,91.45882705691643,90.94053861248427,-1.8373078931503408
14.78,93.66566745505709,91.71526347946579,-0.5660755798885708
14.8,90.92215311230264,91.47424330165845,-0.9259163602228816
14.82,90.92215311230264,91.2989553502893,-1.1715081384557902
14.84,90.3912979962197,91.0157289458341,-1.5784991057039437
14.86,92.55001836231199,91.44422668247533,-0.8577673328320212
14.88,93.10473457855282,91.9199883254401,-0.08557462874562771
14.9,93.66566745505709,92.43168053823564,0.718712104893805
14.92,93.66566745505709,92.80439118111745,1.280073875983219
14.94,90.92215311230264,92.26944719164145,0.40193591556272756
14.96,92.55001836231199,92.35755911688078,0.5273768061884541
14.98,93.66566745505709,92.74934512095604,1.1246164422077394
15.0,93.66566745505709,93.03445511000861,1.5360273804530291
15.02,93.66566745505709,93.24160713775417,1.8124209814064287
15.04,93.10473457855282,93.22699059858051,1.7327370774075854
15.06,92.55001836231199,93.05256105032382,1.4051903169471642
15.08,90.3912979962197,92.29049756738202,0.1673319581615249
15.1,90.92215311230264,91.89082539583168,-0.4640282744845714
15.12,88.8327144137194,90.98576296390578,-1.8673400618226628
15.14,89.34666976983232,90.47780442726082,-2.6045898547725916
15.16,91.45882705691643,90.72925367475466,-2.1290692601129395
15.18,93.66566745505709,91.56193574629013,-0.7579011533584465
15.2,88.32421328852301,90.59995077991783,-2.2411790136208687
15.22,89.34666976983232,90.20006833966924,-2.7974062627676464
15.24,91.45882705691643,90.53039638863875,-2.1922746690525585
15.26,90.92215311230264,90.61453589727054,-1.9917762344932033
15.28,90.92215311230264,90.67678603204851,-1.8318511292671569
15.3,90.92215311230264,90.72300509755745,-1.7020506394023533
15.32,91.45882705691643,90.91515878760693,-1.3476990895231493
15.34,90.92215311230264,90.89817921343872,-1.3320734061816015
15.36,90.3912979962197,90.73043771678086,-1.5531175472330423
15.38,90.92215311230264,90.7648300610013,-1.4505776893686935
15.4,96.56734482779825,92.44918882231713,1.233549830230672
15.42,96.56734482779825,93.67657336490574,3.11769390493185
15.44,95.38682895832281,94.22309994943079,3.8761880110234475
15.46,97.16787042949227,95.14305417224074,5.195920685304701
15.48,99.01197206452022,96.3531732593788,6.928869857812852
15.5,95.38682895832281,96.16711179971506,6.420297903553576
15.52,98.39005931319605,96.91091844836036,7.384370827305191
15.54,97.16787042949227,97.09070906588032,7.434662982154353
15.56,99.01197206452022,97.76020394850966,8.25053912765955
15.58,100.9225433161461,98.80586475988366,9.630145717465298
15.6,97.7754008313928,98.639116398648,9.067194066267424
15.62,98.39005931319605,98.6940034658345,8.869089656567468
15.64,101.5747963289504,99.66567890049207,10.113412266262563
15.66,95.97370357313925,98.72377305306634,8.32097478646382
15.68,95.38682895832281,97.86086354487061,6.70845104784023
15.7,96.56734482779825,97.5755612893382,6.051316751196144
15.72,95.38682895832281,97.01795364144158,4.988183969429322
15.74,97.7754008313928,97.31095239202469,5.2909016993753655
15.76,100.9225433161461,98.44680731022316,6.904534387383359
15.78,100.9225433161461,99.27172540390461,7.980502801935275
15.8,100.9225433161461,99.86946968656042,8.666874057801548
15.82,104.26460217515344,101.28321968487518,10.610076495484005
15.84,102.90324393162369,101.90905591680878,11.258067345434526
15.86,103.57973325749407,102.55892668927582,11.923407608964027
15.88,99.01197206452022,101.6851935652263,10.18105802665586
15.9,101.5747963289504,101.79655246543321,10.036522038271414
15.92,100.9225433161461,101.68151190409199,9.541842266376998
15.94,101.5747963289504,101.78492438461484,9.404885216644507
15.96,99.64126827127339,101.28792567444137,8.331628534451662
15.98,95.97370357313925,99.84421934239124,5.808907715360488
16.0,95.38682895832281,98.61662982131607,3.703791404164992
16.02,95.97370357313925,97.89241881202273,2.4532131433834037
16.04,93.10473457855282,96.52039006430198,0.22696069579096845
16.06,93.10473457855282,95.52003626254294,-1.347282171527307
16.08,95.97370357313925,95.63430029959981,-1.1260662521845712
16.1,95.97370357313925,95.71811663461762,-0.9594800581639991
16.12,96.56734482779825,95.95407829028467,-0.5597658200441378
16.14,96.56734482779825,96.12635713563705,-0.27233931197619254
16.16,92.55001836231199,95.0717407164807,-1.9159449351250886
16.18,93.10473457855282,94.46675105593279,-2.8036786451199456
16.2,95.38682895832281,94.69748214940161,-2.3543768853248555
16.22,93.10473457855282,94.19626170164042,-3.065811319952661
16.24,93.10473457855282,93.8322575215831,-3.5399954814871983
16.26,93.10473457855282,93.56850474012953,-3.842271124226394
16.28,96.56734482779825,94.39533152316831,-2.4265985085863515
16.3,95.97370357313925,94.82480289215586,-1.6777691949300595
16.32,90.92215311230264,93.65446253637762,-3.4586310436456613
16.34,91.45882705691643,92.96051037447546,-4.4373966642337885
16.36,91.45882705691643,92.4566255779601,-5.087740766250373
16.38,91.45882705691643,92.09160269146233,-5.500170623729305
16.4,90.92215311230264,91.67032166269016,-5.987811158162941
16.42,90.3912979962197,91.20995917018418,-6.521397302869673
16.44,89.86616758391864,90.72303086242562,-7.079882776298456
16.46,90.92215311230264,90.68154068127075,-6.923056651491422
16.48,88.8327144137194,90.04055436214469,-7.710301340746714
16.5,89.34666976983232,89.72778449063667,-7.958703904630613
16.52,89.34666976983232,89.50340166820641,-8.060858461443182
16.54,89.34666976983232,89.34350232376565,-8.058793986677518
16.56,86.83058067641292,88.49135616191485,-9.141252538169654
16.58,87.32323008722393,88.01903820088555,-9.594765640576142
16.6,91.45882705691643,88.89417397164483,-7.9231786693101816
16.62,90.3912979962197,89.22214130647329,-7.16114691492903
16.64,92.55001836231199,90.09876795193064,-5.563473423401084
16.66,92.55001836231199,90.74039665298376,-4.384000032007586
16.68,91.45882705691643,90.88956127276754,-4.012964560022873
16.7,93.10473457855282,91.4837267986365,-2.9564257631033155
16.72,93.10473457855282,91.91824188459164,-2.183094765582557
16.74,93.66566745505709,92.40082233595062,-1.3586953043416585
16.76,93.10473457855282,92.5884500505862,-1.02219190145596
16.78,93.66566745505709,92.89051186297321,-0.5169617805196808
16.8,93.10473457855282,92.94615154264483,-0.41360069117393194
16.82,93.66566745505709,93.1517120933939,-0.07861538992508998
16.84,93.10473457855282,93.13679920722517,-0.09951444088639601
16.86,89.86616758391864,92.17444404558437,-1.6040005179932726
16.88,93.10473457855282,92.42511970336719,-1.1610418280390948
16.9,92.00141602962864,92.28423234740708,-1.3453755590902057
16.92,93.66566745505709,92.67111229150669,-0.6971454093114545
16.94,95.97370357313925,93.6316057345382,0.829384730347214
16.96,93.10473457855282,93.48851889268661,0.5792421816467714
16.98,93.66566745505709,93.54874828413573,0.6554476395801457
17.0,93.10473457855282,93.42754927874229,0.4450438036505367
17.02,96.56734482779825,94.35634345504243,1.8861280225550885
17.04,97.7754008313928,95.38754154496799,3.442484511987047
17.06,99.01197206452022,96.5010622717407,5.079042734905489
17.08,95.38682895832281,96.24542277111284,4.519429335607315
17.1,95.38682895832281,96.05698928218365,4.082632923469364
17.12,93.66566745505709,95.41205325002647,2.9443753718186247
17.14,93.66566745505709,94.94053044685991,2.11344647173269
17.16,98.39005931319605,95.98389200810188,3.681735742893742
17.18,96.56734482779825,96.20731721671936,3.916394171915443
17.2,95.97370357313925,96.19399304835183,3.772814122517314
17.22,95.97370357313925,96.18255578456048,3.63668864124395
17.24,99.01197206452022,97.06523496725463,4.9055309602918165
17.26,99.01197206452022,97.70649356472492,5.756414404940843
17.28,98.39005931319605,97.98863539560013,6.018054076388576
17.3,97.7754008313928,98.01098219317747,5.864507096762427
17.32,94.80660594432865,97.15232808350979,4.335614714169453
17.34,95.38682895832281,96.69483910201163,3.4830811972464835
17.36,95.97370357313925,96.53215531715293,3.1190940893078074
17.38,95.97370357313925,96.41212905284043,2.8333375774628924
17.4,96.56734482779825,96.49775065463098,2.8786975966446406
17.42,98.39005931319605,97.09439102067519,3.7231869544054477
17.44,97.7754008313928,97.34706505613187,4.002367208984582
17.46,98.39005931319605,97.7100374125391,4.445591189585175
17.48,93.66566745505709,96.58454293536059,2.5431295070897066
17.5,93.66566745505709,95.76286191105069,1.1762222442780366
17.52,91.45882705691643,94.51489905875701,-0.8156612470466431
17.54,92.55001836231199,93.92607402831054,-1.7125454050754834
17.56,90.3912979962197,92.86332809077815,-3.323762657955387
17.58,90.92215311230264,92.24604423580391,-4.186647063697541
17.6,90.92215311230264,91.79793838448062,-4.757465494855566
17.62,91.45882705691643,91.63111019394329,-4.86975602213069
17.64,93.10473457855282,91.99529889160041,-4.146649162018752
17.66,93.10473457855282,92.26269770347791,-3.597827226691905
17.68,92.55001836231199,92.29630098347424,-3.432459572374625
17.7,91.45882705691643,92.00176213531624,-3.7863332438307653
17.72,93.66566745505709,92.43715959777597,-2.985617646028385
17.74,90.92215311230264,91.9498648883018,-3.6554585788401166
17.76,90.92215311230264,91.59628235945588,-4.094841851752199
17.78,90.3912979962197,91.18440933387765,-4.611775150218934
17.8,89.86616758391864,90.73195892414321,-5.176079746604937
17.82,88.8327144137194,90.10083303345517,-6.002612806746136
17.84,88.8327144137194,89.64346551558187,-6.531043332728677
17.86,87.32323008722393,88.86951040240291,-7.53887633892432
17.88,89.34666976983232,88.90322804466726,-7.249850343728902
17.9,87.32323008722393,88.3366110543296,-7.91035075654139
17.92,87.32323008722393,87.92714397742195,-8.303969135736187
17.94,87.32323008722393,87.63242371977853,-8.505495046099972
17.96,89.34666976983232,88.01595953217408,-7.638166085089957
17.98,88.32421328852301,87.99864839449134,-7.425969730623831
18.0,88.8327144137194,88.13882403229005,-6.9737065657750685
18.02,88.32421328852301,88.09479854582155,-6.824178858843322
18.04,89.34666976983232,88.36622977043324,-6.185148676353768
18.06,87.32323008722393,87.97242672249138,-6.608281396929053
18.08,87.32323008722393,87.68835136607944,-6.8462597715372535
18.1,87.32323008722393,87.48437950501285,-6.951293574646939
18.12,89.34666976983232,87.93336361076908,-6.0301303282541605
18.14,89.34666976983232,88.26344125507197,-5.324104752095029
18.16,89.34666976983232,88.50650998606393,-4.776506265424804
18.18,87.82108002988049,88.23766042369178,-5.048024609476416
18.2,90.3912979962197,88.79912708765525,-4.010281079145025
18.22,90.3912979962197,89.21028515799557,-3.2405217364056016
18.24,90.92215311230264,89.66748351546188,-2.422754466685216
18.26,91.45882705691643,90.15958268010337,-1.5759342923530237
18.28,91.45882705691643,90.51905767286654,-0.9634123620405373
18.3,93.10473457855282,91.26515263452401,0.23558848055842296
18.32,93.10473457855282,91.80897062025878,1.080140191259268
18.34,98.39005931319605,93.7578267342631,4.099332015403395
18.36,91.45882705691643,93.1402518784777,3.0034146607225205
18.38,93.10473457855282,93.17223601175989,2.959418645456863
18.4,93.66566745505709,93.35901005357287,3.1592914937212497
18.42,93.66566745505709,93.49373066532684,3.271356279108767
18.44,92.55001836231199,93.2626608798593,2.8068708661133845
18.46,95.38682895832281,93.92640977841853,3.758741389161681
18.48,95.38682895832281,94.40858552184724,4.396339898110045
18.5,99.01197206452022,95.82320695519535,6.47470996764733
18.52,98.39005931319605,96.6688253537242,7.596574081619288
18.54,98.39005931319605,97.28183617087413,8.318890630629102
18.56,98.39005931319605,97.72493910494357,8.75240200135814
18.58,99.01197206452022,98.22670125843933,9.264225006153083
18.6,96.56734482779825,97.87000878048731,8.415176024145348
18.62,95.97370357313925,97.43170622357296,7.464880544209852
18.64,96.56734482779825,97.28317901876252,6.998314865571145
18.66,97.7754008313928,97.52664208691904,7.16045058624183
18.68,94.80660594432865,96.82859634258625,5.842559747452483
18.7,95.38682895832281,96.48750725580072,5.12516076971728
18.72,95.97370357313925,96.40893233040116,4.84148781436229
18.74,98.39005931319605,97.05939054607363,5.708789745748779
18.76,98.39005931319605,97.53098613685827,6.268715584131012
18.78,100.9225433161461,98.61600299517569,7.77207008122684
18.8,101.5747963289504,99.59510182699631,9.062393343876943
18.82,98.39005931319605,99.36904144286206,8.42431337023458
18.84,93.66566745505709,97.81230681566184,5.721620998493599
18.86,95.97370357313925,97.35291462360163,4.822680227198281
18.88,95.97370357313925,97.01580077497125,4.143463176214314
18.9,92.55001836231199,95.76222322727094,2.049815566664863
18.92,97.7754008313928,96.38266935968079,2.9575686643277095
18.94,95.38682895832281,96.1318518689028,2.471978391798402
18.96,95.97370357313925,96.1202997059784,2.3764301139049224
18.98,91.45882705691643,94.78426892529525,0.2089770057993907
19.0,99.01197206452022,96.02936886292494,2.152975077458592
19.02,93.10473457855282,95.20048538461215,0.787008755328164
19.04,93.66566745505709,94.76065353923545,0.07331984256971757
19.06,90.3912979962197,93.47792157142617,-1.938476522072353
19.08,91.45882705691643,92.85730950861323,-2.849977987602095
19.1,90.3912979962197,92.09251419497507,-3.958794945917889
19.12,90.3912979962197,91.53676397453957,-4.705385592576489
19.14,90.3912979962197,91.13375496562166,-5.18930343858274
19.16,91.45882705691643,91.1559724164181,-4.991909149993864
19.18,88.32421328852301,90.2534640587729,-6.249354248660311
19.2,89.34666976983232,89.89877291661602,-6.609203474373761
19.22,90.92215311230264,90.10610707962877,-6.077321823789251
19.24,93.10473457855282,90.90130406588302,-4.641172132347203
19.26,92.55001836231199,91.32016468341634,-3.8395793563060026
19.28,93.66566745505709,91.95507137571035,-2.7246487889884223
19.3,93.66566745505709,92.41918211091654,-1.9122158431427818
19.32,88.8327144137194,91.3384284616752,-3.545387588801101
19.34,83.06721829085069,88.85817640323424,-7.319812358918552
19.36,83.06721829085069,87.05334217431029,-9.917884116735852
19.38,80.01351795789061,84.84488198589641,-13.066865633587778
19.4,87.32323008722393,85.38849613927535,-11.805846714955234
19.42,88.8327144137194,86.23370453039428,-10.111866704907339
19.44,89.34666976983232,87.0055123031493,-8.585949479897971
19.46,87.32323008722393,86.9775955349647,-8.360672144068866
19.48,87.32323008722393,86.96106280288325,-8.124619120991655
19.5,83.06721829085069,85.7022557298294,-9.842081134505415
19.52,83.97947076673233,85.0570741909232,-10.544440394872318
19.54,83.97947076673233,84.59153453973256,-10.943370696364822
19.56,82.61791820656622,83.85710146710781,-11.751044297612468
19.58,83.06721829085069,83.4590555813673,-12.006435607043445
19.6,82.61791820656622,83.04234352807146,-12.283067110063435
19.62,87.32323008722393,84.12663465074992,-10.199593397885977
19.64,87.32323008722393,84.92177491750685,-8.634375397513327
19.66,84.91039196335532,84.79648056513477,-8.560130342602125
19.68,85.38303333627323,84.84791530901813,-8.211351660765542
19.7,85.86056087198389,85.02946714399337,-7.66966223868034
19.72,83.97947076673233,84.6126414619503,-8.08234958840105
19.74,81.29651736461385,83.52417237674928,-9.534288299389152
19.76,81.73263318664259,82.86313723995701,-10.27112707783299
19.78,83.06721829085069,82.77803162070522,-10.082641285015612
19.8,86.83058067641292,83.82631282896985,-8.124522652589638
19.82,88.8327144137194,85.18250302531872,-5.745391598078602
19.84,89.34666976983232,86.32483711466442,-3.7758245931946828
19.86,85.38303333627323,85.99479533396698,-4.174558203885818
19.88,83.52104621396431,85.20901855854511,-5.274743096440094
19.9,83.06721829085069,84.5052334647078,-6.212011159285224
19.92,83.97947076673233,84.26302126449042,-6.3968234134144035
19.94,83.97947076673233,84.0893635829267,-6.468449241032628
19.96,85.86056087198389,84.51840309298913,-5.593659013209936
19.98,86.83058067641292,85.11874424435639,-4.477920010068672
20.0,87.32323008722393,85.70320274668249,-3.422020242924557
20.02,88.32421328852301,86.42495433662555,-2.18412318102395
20.04,86.3430507338441,86.37004205740487,-2.2017155583558097
20.06,86.83058067641292,86.47425714662461,-1.969471371658505
20.08,87.32323008722393,86.69587892393709,-1.5605770705223423
20.1,89.34666976983232,87.45267090387318,-0.3261084220678787
20.12,87.32323008722393,87.4100338057489,-0.38268526116438495
20.14,84.91039196335532,86.67020497773733,-1.5296943921844255
20.16,85.38303333627323,86.27041391863632,-2.1080704027844988
20.18,89.34666976983232,87.14447980140969,-0.6727292720061699
20.2,89.34666976983232,87.78200737719354,0.34708478588143943
20.22,86.83058067641292,87.5073692820943,-0.0940318010188323
20.24,86.83058067641292,87.30719282829429,-0.40467758309643537
20.26,88.32421328852301,87.60028970620651,0.06716059078441294
20.28,91.45882705691643,88.73492145585207,1.842545004312361
20.3,90.92215311230264,89.40357925375142,2.832319524475379
20.32,91.45882705691643,90.04743800408473,3.752233241324554
20.34,93.10473457855282,90.99870299498663,5.124900358129185
20.36,91.45882705691643,91.20627570000022,5.2895080238681045
20.38,92.55001836231199,91.67579071595217,5.859311227259571
20.4,93.66566745505709,92.34319521280389,6.7212708360295075
20.42,93.66566745505709,92.82668261637258,7.268103518191734
20.44,92.00141602962864,92.68686268863642,6.821343794127986
20.46,90.92215311230264,92.26471354460287,5.946291125344679
20.48,90.3912979962197,91.7982662804128,5.029258772568382
20.5,89.86616758391864,91.30162527274861,4.093657624704898
20.52,91.45882705691643,91.4056308540944,4.128329791505468
20.54,90.92215311230264,91.32188703446944,3.8677916235542633
20.56,91.45882705691643,91.4167493955476,3.8952169587504435
20.58,91.45882705691643,91.48412743974127,3.8787267010462263
20.6,88.32421328852301,90.61049011192232,2.3885795257229487
20.62,88.8327144137194,90.12189465865534,1.5483189409974503
20.64,89.34666976983232,89.91599265854006,1.17724624946163
20.66,87.32323008722393,89.17083598588266,-0.026984438099375563
20.68,86.83058067641292,88.48286061220341,-1.1039057688683878
20.7,88.8327144137194,88.57006042349768,-0.9327134191010665
20.72,88.8327144137194,88.63405779607348,-0.803233211536261
20.74,89.34666976983232,88.83208681027365,-0.467838855171432
20.76,85.38303333627323,87.81210710369481,-2.0510580769773523
20.78,84.91039196335532,86.93058075116109,-3.3677746639445454
20.8,85.38303333627323,86.42832764108017,-4.049075519443589
20.82,85.38303333627323,86.0640198065696,-4.492928186259637
20.84,87.32323008722393,86.370533373213,-3.8719804940145743
20.86,84.91039196335532,85.8868398791037,-4.5084087202953045
20.88,85.86056087198389,85.81544308575086,-4.479001895616906
20.9,84.91039196335532,85.48626815069356,-4.854345889447934
20.92,82.61791820656622,84.57495189676821,-6.129899311334533
20.94,83.06721829085069,84.04538494174973,-6.767447773058177
20.96,82.61791820656622,83.53039674165741,-7.3621821016805455
20.98,83.52104621396431,83.42366770176736,-7.2987128343537115
21.0,83.52104621396431,83.34919332133606,-7.186702731333742
21.02,83.06721829085069,83.16484245880248,-7.250332111917831
21.04,83.52104621396431,83.16709726567998,-7.0196356275304685
21.06,87.32323008722393,84.2890737689238,-5.042036318063746
21.08,83.52104621396431,83.9922057859054,-5.349128223151
21.1,84.91039196335532,84.18642973133417,-4.8772648582050815
21.12,85.86056087198389,84.60942359487025,-4.061799880232494
21.14,84.91039196335532,84.64048368908799,-3.8858793406112877
21.16,84.91039196335532,84.66490262681369,-3.7258745513069003
21.18,86.83058067641292,85.24858066270913,-2.694760196450681
21.2,87.32323008722393,85.82007664802585,-1.7150363814805734
21.22,87.32323008722393,86.23749785140697,-1.007378932565647
21.24,87.32323008722393,86.54227063528468,-0.4983659777743653
21.26,86.83058067641292,86.61994067640762,-0.361075253481718
21.28,87.32323008722393,86.82147554915603,-0.03404219258761376
21.3,87.32323008722393,86.96841606913145,0.1972181261167062
21.32,87.82108002988049,87.22172412916724,0.5878657035755288
21.34,88.8327144137194,87.70335470590138,1.3239586216792785
21.36,88.32421328852301,87.90446946794552,1.5975388208009962
21.38,90.3912979962197,88.65769190396018,2.727466830858315
21.4,90.92215311230264,89.36153907305783,3.744642257101238
21.42,90.92215311230264,89.87295409962428,4.428488119112836
21.44,91.45882705691643,90.40144897008884,5.117664929728515
21.46,87.32323008722393,89.56931313819284,3.6537152103912054
21.48,89.34666976983232,89.55550214788668,3.517602656089464
21.5,88.8327144137194,89.3928204989275,3.1525372833349623
21.52,89.34666976983232,89.42378658014502,3.102274167389727
21.54,91.45882705691643,90.06552095928785,4.010401794146197
21.56,89.34666976983232,89.91095609328544,3.642611829973354
21.58,88.8327144137194,89.64560353796068,3.1127877859461193
21.6,88.8327144137194,89.4507315407883,2.709977213412804
21.62,86.3430507338441,88.57593383187556,1.2546309459334715
21.64,88.8327144137194,88.66909907127464,1.3612719868994114
21.66,88.8327144137194,88.73639745208,1.4240493578869151
21.68,89.34666976983232,88.93581550453169,1.6918355317400724
21.7,89.34666976983232,89.08042436141524,1.865368692394521
21.72,87.32323008722393,88.59048626210097,1.0393977556834257
21.74,87.32323008722393,88.23283185829413,0.44653844137957344
21.76,87.82108002988049,88.11816118307965,0.2529071904520112
21.78,87.32323008722393,87.88817317596842,-0.11531083953235527
21.8,84.44256214057893,86.87418392154589,-1.7001908030071997
21.82,84.91039196335532,86.27318588555173,-2.5884312351913037
21.84,84.44256214057893,85.69876891967866,-3.4072004079960942
21.86,85.38303333627323,85.55787962461197,-3.5211615434181556
21.88,84.91039196335532,85.31790814675394,-3.7867720256549813
21.9,83.52104621396431,84.73648570796817,-4.578969938973849
21.92,81.73263318664259,83.78924656535281,-5.919427308637635
21.94,82.17307853612358,83.23079297209605,-6.6088233445557885
21.96,81.73263318664259,82.69727470542783,-7.23755640946966
21.98,81.29651736461385,82.18349433137874,-7.815669351906935
22.0,81.73263318664259,81.94063938443396,-7.951243419279798
22.02,80.43702143600552,81.38655741734222,-8.57013101240726
22.04,79.5940972051214,80.73886920658673,-9.316269339539657
22.06,79.17870042250455,80.14889263739268,-9.948620231496223
22.08,77.95608301483652,79.36410764879409,-10.86634109084424
22.1,80.01351795789061,79.40143828532783,-10.467400426351078
22.12,78.35974933042611,78.94753881785783,-10.850509258762187
22.14,78.35974933042611,78.62158935760833,-11.021171084530085
22.16,78.35974933042611,78.38899725511264,-11.040234267041333
22.18,78.76726997687231,78.34420848556248,-10.764491679874626
22.2,78.76726997687231,78.3164737019769,-10.470672143759627
22.22,78.35974933042611,78.18130324969407,-10.354364739324238
22.24,77.55621660607466,77.85140288048231,-10.546760948086378
22.26,74.85918582853775,76.82329468336773,-11.826925813555594
22.28,75.99369675840886,76.41250840929237,-12.099898444065243
22.3,76.76767088833913,76.34596313128242,-11.82503819242886
22.32,75.6120483993012,75.96331635342926,-12.053987261180408
22.34,74.11992135423625,75.2514577347746,-12.791498888809004
22.36,74.11992135423625,74.73833502217147,-13.19456791834359
22.38,74.11992135423625,74.37028088242228,-13.35774699618902
22.4,72.68073919821755,73.68521215967893,-14.0124413581713
22.42,72.68073919821755,73.19217785149874,-14.34578632179866
22.44,72.68073919821755,72.83929467558752,-14.449129449068613
22.46,71.2917331025032,72.18052693053767,-15.028426583490473
22.48,72.32888752762722,72.01185900267485,-14.821794054953411
22.5,72.32888752762722,71.89566610513066,-14.539429438203753
22.52,71.98012958664762,71.7151309427519,-14.366708892456986
22.54,72.68073919821755,71.79592583673718,-13.790006142464584
22.56,75.6120483993012,72.72238023105211,-11.906581172020434
22.58,74.11992135423625,72.96482830068406,-11.153715800089175
22.6,74.11992135423625,73.14667560046966,-10.519374675677849
22.62,74.11992135423625,73.28405333313721,-9.97457346970146
22.64,72.68073919821755,72.96591406389784,-10.160444452697673
22.66,71.63442475048006,72.43120325237236,-10.679767931727557
22.68,71.63442475048006,72.04626189768196,-10.948194727343514
22.7,71.63442475048006,71.77062959635623,-11.036970182822227
22.72,70.61523315373492,71.27527707473925,-11.467172936227874
22.74,70.61523315373492,70.91938880661093,-11.665415197336879
22.76,72.32888752762722,71.16875632975925,-10.909266068843772
22.78,72.68073919821755,71.458914562648,-10.112906454469828
22.8,74.11992135423625,72.0979169972036,-8.795006517644316
22.82,72.68073919821755,72.14493831974396,-8.44578276773723
22.84,72.68073919821755,72.183076585309,-8.121416737648598
22.86,72.68073919821755,72.21459065479408,-7.817590915615918
22.88,71.63442475048006,71.93371732458964,-8.012663524208213
22.9,70.28134842428764,71.33506311303329,-8.699452608959712
22.92,68.3368469340081,70.33128325545783,-9.99938427967998
22.94,68.3368469340081,69.60406567229853,-10.825330816010865
22.96,68.3368469340081,69.07884760368695,-11.30895125544915
22.98,68.65410658765225,68.7943287542752,-11.40034511614543
23.0,68.65410658765225,68.59211402916267,-11.359939669622573
23.02,68.65410658765225,68.44988302129667,-11.226831041907607
23.04,69.95032399693449,68.7321648979739,-10.4328605472448
23.06,68.02223705995355,68.37622854173344,-10.66358475407051
23.08,67.71024390676675,68.02994451509063,-10.871958890381196
23.1,68.02223705995355,67.87412695879414,-10.775423839760593
23.12,66.7896423323799,67.40330317388921,-11.175395076936494
23.14,65.59689530302624,66.71472083555258,-11.903970262036658
23.16,63.87836231999941,65.71323678233009,-13.099902867017331
23.18,63.87836231999941,64.98910932807284,-13.82386441867162
23.2,62.77717313918997,64.14397168494295,-14.714714980311612
23.22,63.323457136314545,63.695067750686135,-14.956922967401573
23.24,62.23931096499693,63.056101363397154,-15.489289779919746
23.26,62.50720154340742,62.67606108401621,-15.599348879014517
23.28,60.42037732446235,61.7929933662119,-16.49399116225971
23.3,60.42037732446235,61.156745503957445,-16.97394046299271
23.32,60.16830193495086,60.626593293983746,-17.27264513739978
23.34,60.42037732446235,60.32204982301082,-17.20855733882483
23.36,59.669764032787356,59.88735100736877,-17.35037595511887
23.38,58.21758624821976,59.1517020135321,-17.959212975578847
23.4,57.2841100527893,58.349330012718575,-18.653500954243867
23.42,57.2841100527893,57.77289828401452,-18.972082848893255
23.44,57.74748380149474,57.49747393195993,-18.80913167120677
23.46,56.82732156424011,57.03491956863326,-18.944439686703014
23.48,55.713255691056474,56.37903248085511,-19.378379003482312
23.5,55.93294671526401,55.97427157669598,-19.405313679503706
23.52,54.42665911246731,55.24548888701807,-19.939009714528552
23.54,53.59786038423399,54.479782522423385,-20.513828025954208
23.56,52.39576502627009,53.57774139176662,-21.28421537551617
23.58,52.79112903308682,53.04601222142528,-21.450342879960374
23.6,51.62051815225562,52.32422582141741,-21.909004746591044
23.62,50.129192044153,51.36986166389067,-22.717647125519015
23.64,48.7118631187379,50.26805199169912,-23.73193832139651
23.66,48.539626482127,49.42503608538066,-24.309029689243577
23.68,49.059561181521815,48.97432022837547,-24.253471427771096
23.7,49.76814178978775,48.86500385965431,-23.664825109118105
23.72,48.88517134131571,48.5366928201125,-23.437694134112323
23.74,49.2350427966249,48.410847636980826,-22.900501053865526
23.76,49.2350427966249,48.32956442356018,-22.310329283706675
23.78,48.539626482127,48.076177204885454,-22.008262786632063
23.8,47.52816354086808,47.60432483138504,-22.05790311485972
23.82,47.861199450976535,47.368256896504114,-21.73661351964283
23.84,47.52816354086808,47.108236461184894,-21.46291387608818
23.86,47.52816354086808,46.928478726586086,-21.072051919679105
23.88,46.87407641734698,46.6148779393471,-20.90311180014217
23.9,47.19914663443624,46.4913121985724,-20.441760193720874
23.92,46.552882299801745,46.22068754910925,-20.22524263804464
23.94,46.078208500989284,45.893168927873724,-20.1046377338707
23.96,44.70336744032138,45.25963817812263,-20.467203307805466
23.98,44.85260023370939,44.85097167737908,-20.466141849022073
24.0,42.83869007101935,43.97068089464929,-21.203949673105246
24.02,41.88928136117537,43.05966183442564,-21.966779063849945
24.04,41.10382971124022,42.17476191629726,-22.664790163816274
24.06,41.10382971124022,41.539997348556504,-22.949075061455186
24.08,41.493375236660924,41.202171835999565,-22.75927480607978
24.1,41.88928136117537,41.08260591406606,-22.233500706193958
24.12,42.56368852660241,41.20374443845548,-21.347117735938998
24.14,42.700808896196286,41.34209768171563,-20.461538326824375
24.16,42.700808896196286,41.45230884900136,-19.64779223987751
24.18,42.700808896196286,41.54163185270421,-18.892265009150023
24.2,42.56368852660241,41.57509404812122,-18.247919908604146
24.22,42.700808896196286,41.64811280193813,-17.561794722328457
24.24,42.83869007101935,41.749879562473865,-16.85213091995522
24.26,42.83869007101935,41.83176919047147,-16.19584105576829
24.28,42.02269053530403,41.65911781550588,-15.958871999402541
24.3,42.15682979616659,41.57995199633843,-15.58287517560475
24.32,42.02269053530403,41.48994483168361,-15.235642724446347
24.34,41.75659632943582,41.35310547487274,-14.972655866931
24.36,41.10382971124022,41.06839504814447,-14.94956029837156
24.38,41.36282760526018,40.943758651543924,-14.676419963284111
24.4,40.84759106817055,40.70821715737388,-14.585578977904824
24.42,40.84759106817055,40.54316351294992,-14.387159496563054
24.44,40.218780620733654,40.2446551519814,-14.404023972140564
24.46,40.46831100851692,40.10692876493632,-14.168482622129002
24.48,40.094996642273905,39.90331061842258,-14.043545701075713
24.5,39.727508316218774,39.65331008560849,-13.99518485403117
24.52,39.727508316218774,39.47744565682112,-13.832199269021736
24.54,39.60628337173739,39.31993691501382,-13.645564667610682
24.56,39.849365527826905,39.282762425762755,-13.2762646758385
24.58,39.849365527826905,39.261726141291554,-12.893253676036478
24.6,39.727508316218774,39.21647705300959,-12.560174240694606
24.62,39.849365527826905,39.22503007724318,-12.153245517707228
24.64,39.849365527826905,39.2368174899412,-11.753999582541757
24.66,39.971859966023196,39.28677077205968,-11.307472846679847
24.68,39.727508316218774,39.25656047897194,-11.000518945815584
24.7,39.971859966023196,39.31135502618883,-10.570015710027256
24.72,39.727508316218774,39.284337265974045,-10.281166135055253
24.74,39.727508316218774,39.26933728236129,-9.98253988606824
24.76,39.727508316218774,39.26296219615915,-9.679758489900738
24.78,39.727508316218774,39.262736598441336,-9.376830053882893
24.8,39.971859966023196,39.3386491337621,-8.964116543681165
24.82,39.971859966023196,39.39808675207664,-8.590143223701752
24.84,39.727508316218774,39.373549459253056,-8.359440281044138
24.86,39.971859966023196,39.43127326243804,-8.0070972309287
24.88,39.485685786253434,39.33416991817524,-7.908342373020605
24.9,39.1276088586343,39.1617842878708,-7.930617199420028
24.92,38.42775340452619,38.83410727883701,-8.195470113025484
24.94,38.65866693529182,38.66680995180068,-8.20077756001751
24.96,37.97286309332909,38.347094413837446,-8.444693668279452
24.98,37.08987611020375,37.858438154175,-8.945626253154115
25.0,37.19834865301043,37.53815023237345,-9.167101779860166
25.02,37.30735625343642,37.34086626345675,-9.188942900001784
25.04,36.87452051661699,37.07406596428443,-9.319002428291164
25.06,36.137064855700785,36.66714471065088,-9.66449733532312
25.08,36.033732932922376,36.34454184673435,-9.867076052056811
25.1,36.137064855700785,36.144222406627094,-9.871741193296888
25.12,36.55540305115126,36.125605891986886,-9.591608439408185
25.14,36.55540305115126,36.116415655852244,-9.30548568278822
25.16,36.033732932922376,35.96069399601777,-9.257880439012364
25.18,36.033732932922376,35.851397537906955,-9.139038061281525
25.2,36.45005965557409,35.898213790917126,-8.779356526650151
25.22,36.87452051661699,36.061066484011874,-8.249164287225899
25.24,35.524411171455164,35.78688163032683,-8.42023701511713
25.26,35.72668626708892,35.6502700646216,-8.370430540638552
25.28,35.72668626708892,35.554500022203015,-8.2582031656242
25.3,36.981934695211024,35.857260006330826,-7.525163844383742
25.32,36.033732932922376,35.80282614420493,-7.374663653221992
25.34,36.240894210882054,35.82737760900677,-7.105142224352521
25.36,35.82854715396273,35.72736986030606,-7.039196991121676
25.38,36.34522459903804,35.80948279520681,-6.690011744824724
25.4,36.45005965557409,35.90320356506638,-6.333582440097407
25.42,36.34522459903804,35.94362044635325,-6.071825295207339
25.44,35.625308750429745,35.764339717887886,-6.162442757327335
25.46,36.55540305115126,35.90972642678379,-5.741604305865061
25.48,36.45005965557409,35.98738953666441,-5.440045647813036
25.5,36.55540305115126,36.07744458097636,-5.128522363771695
25.52,35.72668626708892,35.901953649449524,-5.242757959425697
25.54,36.137064855700785,35.896984565819295,-5.086278673034746
25.56,36.7676297209287,36.08095283133288,-4.638717110533492
25.58,36.981934695211024,36.28015563032999,-4.181312267633226
25.6,35.625308750429745,36.02869811323059,-4.444232974951333
25.62,36.34522459903804,36.058927967427266,-4.257630848501463
25.64,36.45005965557409,36.113713223507084,-4.03840731417481
25.66,36.34522459903804,36.12469643583495,-3.8946716929617486
25.68,35.625308750429745,35.9229630844508,-4.088676531100609
25.7,36.55540305115126,36.051033793172934,-3.7599392507310236
25.72,36.45005965557409,36.115167729800056,-3.541663733032007
25.74,36.66125849211477,36.225593918531715,-3.257706721759876
25.76,35.72668626708892,36.03299795167451,-3.457354239016806
25.78,36.66125849211477,36.16875734538536,-3.1363523440882988
25.8,36.45005965557409,36.2071101282984,-2.9780029490759703
25.82,36.66125849211477,36.298483583778356,-2.741553889450767
25.84,35.524411171455164,36.03233102954566,-3.072605376338871
25.86,36.66125849211477,36.17372047610407,-2.754838345686445
25.88,36.34522459903804,36.185201688384325,-2.650538776248
25.9,36.137064855700785,36.1336229340015,-2.648295404034548
25.92,36.137064855700785,36.09723030292776,-2.6223320798703615
25.94,36.981934695211024,36.32012954402861,-2.1909813936561817
25.96,36.55540305115126,36.35831072801205,-2.0625207603689497
25.98,36.240894210882054,36.294681825445245,-2.0975783969107704
26.0,36.55540305115126,36.34165904755447,-1.958264548324199
26.02,36.55540305115126,36.37680145133144,-1.8418557798164497
26.04,36.240894210882054,36.31085637982353,-1.8874556509084472
26.06,36.033732932922376,36.20277630106402,-1.9976345649250247
26.08,36.7676297209287,36.340522685495,-1.7192551771368345
26.1,36.45005965557409,36.34842356251301,-1.65301090809829
26.12,36.45005965557409,36.354938688526175,-1.5910130612453837
26.14,36.55540305115126,36.39136635370686,-1.4840973899476713
26.16,36.981934695211024,36.543921160953474,-1.1986093754837044
26.18,36.137064855700785,36.40745316267301,-1.3748427903315315
26.2,36.240894210882054,36.33909824430829,-1.4388501150429265
26.22,36.981934695211024,36.50764909250193,-1.129720728811109
26.24,36.66125849211477,36.536825409642,-1.0486178612730175
26.26,36.34522459903804,36.465720426606595,-1.1271545088267259
26.28,36.55540305115126,36.47615055778307,-1.0754993995585758
26.3,36.7676297209287,36.54660042575863,-0.9314371510633715
26.32,36.55540305115126,36.53603133809331,-0.9188110756909429
26.34,36.87452051661699,36.62250632521648,-0.7545535231437892
26.36,36.7676297209287,36.65448812989875,-0.6808102123778672
26.38,36.55540305115126,36.61576017541926,-0.7201497172523785
26.4,36.55540305115126,36.58785532277196,-0.7413014257390662
26.42,36.981934695211024,36.693170460937104,-0.5530909677430431
26.44,36.87452051661699,36.738641490245584,-0.4645278745687128
26.46,36.66125849211477,36.70934458106156,-0.49586937656140084
26.48,36.87452051661699,36.75087165003403,-0.41527764445585036
26.5,36.45005965557409,36.65662429967846,-0.5499121374373822
26.52,36.45005965557409,36.58816637171291,-0.6399271919754635
26.54,36.34522459903804,36.50774906825011,-0.7458572246987911
26.56,36.55540305115126,36.51121604934653,-0.7170570657454143
26.58,36.55540305115126,36.51407115777936,-0.6901178064533926
26.6,36.45005965557409,36.48551677007153,-0.7132280083645152
26.62,36.55540305115126,36.49597670662385,-0.6744951661596736
26.64,36.66125849211477,36.535012006473245,-0.5922103605544193
26.66,36.55540305115126,36.53263889150291,-0.5773731598045314
26.68,36.55540305115126,36.53117258250434,-0.5615802496715917
26.7,36.66125849211477,36.56146170831371,-0.4965348037459347
26.72,36.34522459903804,36.49091578652235,-0.5914932572793288
26.74,36.240894210882054,36.40910242415328,-0.7011278349065522
26.76,36.45005965557409,36.41123356919892,-0.6758218079422447
26.78,36.55540305115126,36.44404709133038,-0.6032423340639355
26.8,36.55540305115126,36.468244714284275,-0.5464343621862772
26.82,36.55540305115126,36.48613513651021,-0.5012869914538776
26.84,36.45005965557409,36.468455679510825,-0.5132771331663566
26.86,36.55540305115126,36.486752422680766,-0.46853209658440165
26.88,36.55540305115126,36.500305338202956,-0.4326205654537976
26.9,36.55540305115126,36.51038345548657,-0.40327773932385014
26.92,36.55540305115126,36.51791493584246,-0.3788437737760836
26.94,36.45005965557409,36.492627563365616,-0.4065886412854593
26.96,36.34522459903804,36.443576293284785,-0.47069220821578983
26.98,36.45005965557409,36.43883323342861,-0.4633750622438537
27.0,36.55540305115126,36.46653820131074,-0.40545482108141684
27.02,36.55540305115126,36.486921179130036,-0.36081977640578966
27.04,36.55540305115126,36.50194581577663,-0.3259774740744122
27.06,36.55540305115126,36.51304814384803,-0.29837143580598374
27.08,36.34522459903804,36.45952550413094,-0.37287036310903365
27.1,36.66125849211477,36.5135306700812,-0.276584473987054
27.12,36.66125849211477,36.55302840910755,-0.20604238090909657
27.14,36.45005965557409,36.51986489608845,-0.25153996935098183
27.16,36.45005965557409,36.49580261188874,-0.2813542667473354
27.18,36.34522459903804,36.447587256742594,-0.3480720953479126
27.2,36.55540305115126,36.47434870293418,-0.29524257496473794
27.22,36.45005965557409,36.463042360689016,-0.303704429258611
27.24,36.55540305115126,36.48588955602196,-0.2583969943261423
27.26,36.55540305115126,36.502663891075315,-0.22402271838030988
27.28,36.55540305115126,36.51499522549843,-0.1976857470034202
27.3,36.55540305115126,36.52407544757685,-0.17726707350847087
27.32,36.55540305115126,36.53077618330069,-0.16121579870701158
27.34,36.55540305115126,36.53573486933707,-0.14839649123112078
27.36,36.55540305115126,36.539417692608495,-0.13797757054958523
27.38,36.34522459903804,36.480412738121245,-0.22609035791210913
27.4,36.45005965557409,36.46830140156374,-0.23797994450164459
27.42,36.34522459903804,36.42877883096941,-0.29243883654154557
27.44,36.55540305115126,36.461852162788745,-0.2314643339722931
27.46,36.45005965557409,36.4551182385323,-0.2347614120116484
27.48,36.55540305115126,36.481267368320864,-0.18644133229526613
27.5,36.55540305115126,36.50041604094404,-0.15060195488429373
27.52,36.66125849211477,36.54554635844197,-0.07518321845727444
27.54,36.45005965557409,36.51642938334857,-0.1184416119107303
27.56,36.66125849211477,36.55730901964098,-0.050689530798850094
27.58,36.66125849211477,36.58713465754984,-0.002377173532844258
27.6,36.34522459903804,36.51602509174981,-0.11370134440898547
27.62,36.240894210882054,36.433582544961304,-0.23929155019999715
27.64,36.34522459903804,36.404242253769475,-0.277758016986593
27.66,36.55540305115126,36.4447320660667,-0.2056249952430601
27.68,36.55540305115126,36.47434429019348,-0.15279259872825499
27.7,36.45005965557409,36.46505117476337,-0.16256375580996762
27.72,36.55540305115126,36.4893015951503,-0.11948021625935049
27.74,36.66125849211477,36.53813702239144,-0.03923223034088187
27.76,36.55540305115126,36.54265587573933,-0.03092388935652071
27.78,36.45005965557409,36.51501326657092,-0.0732592876614667
27.8,36.66125849211477,36.55694711908572,-0.005271327374919213
27.82,36.45005965557409,36.52546788707758,-0.05442082756710726
27.84,36.34522459903804,36.47174168382356,-0.1368820040063461
27.86,36.45005965557409,36.46343796197637,-0.1456017029036695
27.88,36.55540305115126,36.48840193114509,-0.10193178126564173
27.9,36.55540305115126,36.50664797938435,-0.07015425033300238
27.92,36.55540305115126,36.5199819447058,-0.04706751771326036
27.94,36.45005965557409,36.49877319156334,-0.07881797649911419
27.96,36.66125849211477,36.545400057531594,-0.003303884213998687
27.98,36.66125849211477,36.579393950975415,0.05005370288543363
28.0,36.66125849211477,36.604153652956136,0.08727343668958523
28.02,36.45005965557409,36.560111672489555,0.015543845387784416
28.04,36.45005965557409,36.52799664650836,-0.03525384704616673
28.06,36.34522459903804,36.47379817426805,-0.11905540072912726
28.08,36.45005965557409,36.46514201038407,-0.12888576255902318
28.1,36.45005965557409,36.45889028646976,-0.13464138215452873
28.12,36.55540305115126,36.4853452166583,-0.08897915826699275
28.14,36.55540305115126,36.504672303027306,-0.05591392301409586
28.16,36.55540305115126,36.518787872128144,-0.03204891898797288
28.18,36.45005965557409,36.49814207060056,-0.06338802639662183
28.2,36.66125849211477,36.54517229627726,0.012274515886464846
28.22,36.66125849211477,36.57945313432507,0.06559352852264413
28.24,36.66125849211477,36.6044149284282,0.10264296846618917
28.26,36.45005965557409,36.56051325787515,0.030651632251490063
28.28,36.45005965557409,36.52849362029741,-0.020469977251633853
28.3,36.34522459903804,36.47435793530796,-0.10463637141407987
28.32,36.55540305115126,36.496692074002254,-0.06636979062926662
28.34,36.34522459903804,36.45125177522332,-0.13547607534639133
28.36,36.55540305115126,36.479939199920146,-0.08629032338488321
28.38,36.55540305115126,36.50089261341366,-0.050761565891927166
28.4,36.66125849211477,36.54729303078266,0.023518726218961658
28.42,36.34522459903804,36.488255146364125,-0.06970557798669043
28.44,36.66125849211477,36.538101037842765,0.01056586190420157
28.46,36.66125849211477,36.57443536130084,0.06715535352260099
28.48,36.34522459903804,36.508039057789645,-0.03896368828693729
28.5,36.45005965557409,36.49045372044497,-0.06529169067540978
28.52,36.34522459903804,36.44686154939172,-0.13153651847925577
28.54,36.55540305115126,36.47689451492649,-0.08036630483900195
28.56,36.55540305115126,36.49882616177168,-0.04349067760318844
28.58,36.45005965557409,36.483883742376996,-0.06553650638970378
28.6,36.55540305115126,36.50397132545961,-0.03201438869292389
28.62,36.137064855700785,36.39571776988242,-0.20059892120103362
28.64,36.55540305115126,36.43980195188067,-0.125252554663399
28.66,36.45005965557409,36.44104674670909,-0.11937813011901874
28.68,36.66125849211477,36.50406145197563,-0.01692040368139998
28.7,36.45005965557409,36.48795611574044,-0.04162051982380025
28.72,36.45005965557409,36.476233856076014,-0.058680313522056625
28.74,36.45005965557409,36.46771478419994,-0.07018755524472522
28.76,36.55540305115126,36.492487305079166,-0.029180394461240204
28.78,36.55540305115126,36.51056054655054,4.700743570940427e-5
28.8,36.55540305115126,36.523736460315284,0.020686625702139694
28.82,36.45005965557409,36.502381530529874,-0.013415672573821584
28.84,36.55540305115126,36.51777039065145,0.011112504491068157
28.86,36.55540305115126,36.5289842547971,0.028331720624332406
28.88,36.66125849211477,36.56824811609075,0.08895392861307003
28.9,36.45005965557409,36.53477933519174,0.03373542226927421
28.92,36.55540305115126,36.541315294262,0.04291752608116292
28.94,36.34522459903804,36.48430772255032,-0.047733930258587506
28.96,36.34522459903804,36.44276929894175,-0.11131151523937349
28.98,36.45005965557409,36.4433391526573,-0.10693123270503423
29.0,36.55540305115126,36.474754558683145,-0.05436624056783444
29.02,36.55540305115126,36.49768216843755,-0.016744982523886322
29.04,36.55540305115126,36.51440473344633,0.009976859160259168
29.06,36.45005965557409,36.495640311392066,-0.019731654183964532
29.08,36.66125849211477,36.544022175483505,0.0566805126566351
29.1,36.55540305115126,36.54816655159916,0.06139711095148146
29.12,36.66125849211477,36.582261438675076,0.1128857298436576
29.14,36.45005965557409,36.545013387667154,0.050996883218993094
29.16,36.45005965557409,36.51783514397145,0.006822244541018839
29.18,36.34522459903804,36.467216512383665,-0.07268952027404868
29.2,36.55540305115126,36.49210009415108,-0.03142998354691615
29.22,36.45005965557409,36.47930421415337,-0.05049097210021966
29.24,36.55540305115126,36.500949815559814,-0.014999497763719845
29.26,36.55540305115126,36.51673696062728,0.01020224726793997
29.28,36.66125849211477,36.55934316305219,0.07662851646264765
29.3,36.45005965557409,36.52831667976265,0.02562223308073759
29.32,36.66125849211477,36.567738414201095,0.0865766540470814
29.34,36.66125849211477,36.59643849022213,0.12882496874641852
29.36,36.34522459903804,36.524448418593614,0.012010650494133454
29.38,36.45005965557409,36.50276176972447,-0.02233947969613665
29.4,36.34522459903804,36.4561599975487,-0.09464484055276151
29.42,36.55540305115126,36.483982020246245,-0.04809411389860877
29.44,36.45005965557409,36.47333596456305,-0.06326512282318912
29.46,36.45005965557409,36.46560357216733,-0.0733963209212593
29.48,36.55540305115126,36.490951071858,-0.03138787561626618
29.5,36.55540305115126,36.50944449858243,-0.0014330571133369906
29.52,36.55540305115126,36.52292741614448,0.019733879137286862
29.54,36.45005965557409,36.50179673658349,-0.013987262736955029
29.56,36.66125849211477,36.54845090373702,0.05953835212109068
29.58,36.45005965557409,36.520383315523674,0.01370286878864501
29.6,36.45005965557409,36.4999149417537,-0.018791758771385683
29.62,36.45005965557409,36.48500146790572,-0.04156609756262403
29.64,36.55540305115126,36.505099202690765,-0.008779106536821735
29.66,36.55540305115126,36.51975506487556,0.014455501587188856
29.68,36.55540305115126,36.53043302434419,0.03073044018319544
29.7,36.45005965557409,36.50725242259289,-0.006546603151948136
29.72,36.55540305115126,36.52130717506386,0.01567637217711323
29.74,36.66125849211477,36.56264791055333,0.0799486764172824
29.76,36.66125849211477,36.59275002378931,0.12460105600495086
29.78,36.45005965557409,36.552585768921276,0.05777669045238834
29.8,36.66125849211477,36.58533110452962,0.10726456566579395
29.82,36.34522459903804,36.51629999799992,-0.004238783325568304
29.84,36.240894210882054,36.43532270428375,-0.13096318838432525
29.86,36.45005965557409,36.43780289853583,-0.12297449178719577
29.88,36.55540305115126,36.47061832921131,-0.06771359222494058
29.9,36.55540305115126,36.49457269644509,-0.028065645698265113
29.92,36.55540305115126,36.51204897011009,0.00019163300965162333
29.94,36.45005965557409,36.493838494490326,-0.028342493952703628
29.96,36.55540305115126,36.51152657509584,0.0002552708446081596
29.98,36.55540305115126,36.524421599892776,0.020448329536250195
