time,position_variance,velocity_variance
0,3.7507811523559553,7.999375078115236
0.02,3.223316400506327,10.996020808634915
0.04,2.9744423241969153,13.986367025546361
0.06,2.8522691395075306,16.965512179856912
0.08,2.7925324980179154,19.927586178397423
0.1,2.7648516680313886,22.866163900651802
0.12,2.7539715467904635,25.774626470523387
0.14,2.751973090137014,28.646432644394174
0.16,2.754667294286726,31.475303640223217
0.18,2.7598127580321785,34.255341181691676
0.2,2.766200413339159,36.98109989215486
0.22,2.773173283855304,39.647630411996644
0.24,2.780371432694647,42.25050396896939
0.26,2.787595573477172,44.78582469141383
0.28,2.7947338370736317,47.25023307938962
0.3,2.8017223386814596,49.64090243175292
0.32,2.808523891112036,51.95552923666994
0.34,2.8151164777416926,54.192318215739064
0.36,2.8214869803700524,56.349962631624386
0.38,2.8276277386930615,58.42762048658376
0.4,2.833534636705693,60.42488728068899
0.42,2.83920601331332,62.34176602946448
0.44,2.84464201864955,64.17863524840355
0.46,2.84984421232462,65.93621559463291
0.48,2.8548152940242684,67.61553581712694
0.5,2.8595589076625636,69.21789861136621
0.52,2.8640794876573725,70.74484690747197
0.54,2.868382130620798,72.19813104745168
0.56,2.872472483652672,73.5796772313438
0.58,2.8763566446318327,74.89155753703832
0.6,2.8800410721144503,76.13596174688946
0.62,2.883532503589478,77.31517114775045
0.64,2.8868378814066,78.43153441096858
0.66,2.889964285952117,79.48744560588898
0.68,2.8929188757499986,80.4853243548226
0.7000000000000001,2.8957088341885955,81.42759809919956
0.72,2.8983413225612082,82.31668641546425
0.74,2.900823439083747,83.15498729470424
0.76,2.903162183526939,83.94486528145113
0.78,2.9053644270795798,84.68864135388664
0.8,2.907436887045593,85.38858441914407
0.8200000000000001,2.909386105971623,86.04690429282572
0.84,2.911218434803129,86.66574603060305
0.86,2.9129400196745596,87.24718548121217
0.88,2.9145567919520654,87.79322593374187
0.9,2.916074461164226,88.30579573733485
0.92,2.9174985104763778,88.78674677784805
0.9400000000000001,2.918834194386349,89.23785370326928
0.96,2.920086538342928,89.66081379745009
0.98,2.921260340012494,90.05724740972754
1,2.9223601719433274,90.42869885605998
1.02,2.923390385400796,90.77663771522847
1.04,2.9243551151694502,91.10246045132786
1.06,2.9252582851398414,91.40749230109651
1.08,2.9261036145184227,91.69298937154521
1.1,2.92689462451803,91.96014089980034
1.12,2.92763464540419,92.21007163305207
1.1400000000000001,2.9283268237887468,92.4438442919843
1.16,2.928974130077153,92.66246208606535
1.18,2.9295793659891594,92.86687125360666
1.2,2.930145172084754,93.05796360357336
1.22,2.9306740352379546,93.23657903977549
1.24,2.9311682960107186,93.40350805131318
1.26,2.9316301558876954,93.55949415601765
1.28,2.9320616843400327,93.70523628615544
1.3,2.9324648256930086,93.84139110787306
1.32,2.9328414057779413,93.96857526778275
1.34,2.9331931383537637,94.08736756175513
1.36,2.9335216312878973,94.19831102241709
1.3800000000000001,2.933828392489679,94.3019149230781
1.4000000000000001,2.9341148355926823,94.39865669684805
1.42,2.934382285384861,94.48898377058634
1.44,2.9346319829876166,94.57331531405389
1.46,2.934865090786689,94.652043905245307
1.48,2.935082697119218,94.7255371133733
1.5,2.9352858207225223,94.79413900137601
1.52,2.935475414951068,94.85817155013281
1.54,2.9356523717688097,94.9179360068181
1.56,2.9358175255246497,94.97371416000327
1.58,2.9359716565191114,95.02576954424691
1.6,2.9361154943705965,95.07434857699702
1.62,2.936249721189727,95.11968163067606
1.6400000000000001,2.936374974570314,95.16198404283472
1.6600000000000001,2.936491850405466,95.2014570672496
1.68,2.9366009055372535,95.23828876880728
1.7,2.9367026602482036,95.27265486496766
1.72,2.9367976006026977,95.30471951653566
1.74,2.936886180646135,95.33463607039539
1.76,2.936968824469477,95.36254775677814
1.78,2.9370459281465173,95.3885883435454
1.8,2.9371178615509477,95.4128827498752
1.82,2.9371849700600055,95.43554762164277
1.84,2.937247576151192,95.45669187068864
1.86,2.9373059808982718,95.47641718006874
1.8800000000000001,2.9373604653724588,95.49481847728273
1.9000000000000001,2.9374112919544046,95.51198437738046
1.92,2.9374587055623547,95.52799759775027
1.94,2.9375029348015147,95.5429353463013
1.96,2.937544193039442,95.5568696846605
1.98,2.9375826794120035,95.56986786791855
2,2.9376185797641825,95.5819926623742
2.02,2.9376520675297995,95.59330264264582
2.04,2.937683304553961,95.60385246944084
2.06,2.9377124418618417,95.61369314920019
2.08,2.937739620377191,95.62287227676325
2.1,2.937764971593758,95.63143426213165
2.12,2.9377886182026423,95.63942054234602
2.14,2.9378106746783796,95.64686977942866
2.16,2.9378312478264257,95.65381804528747
2.18,2.9378504372945207,95.66029899442152
2.2,2.937868336050273,95.6663440252173
2.22,2.937885030827146,95.6719824305751
2.24,2.9379006025409162,95.67724153855961
2.2600000000000002,2.9379151266785106,95.68214684372474
2.2800000000000002,2.9379286736610357,95.68672212972189
2.3000000000000003,2.937941309182695,95.69098958376226
2.32,2.9379530945271584,95.69496990346758
2.34,2.937964086862883,95.69868239660927
2.36,2.9379743395187607,95.70214507420424
2.38,2.937983902241392,95.70537473740521
2.4,2.9379928214351976,95.70838705859524
2.42,2.938001140386507,95.71119665706968
2.44,2.9380088994726803,95.7138171696637
2.46,2.9380161363572546,95.71626131666044
2.48,2.9380228861720443,95.71854096329282
2.5,2.938029181687065,95.72066717713172
2.52,2.938035053469081,95.72265028163372
2.54,2.9380405300295402,95.72449990610433
2.56,2.938045637962606,95.72622503231489
2.58,2.9380504020739355,95.72783403799652
2.6,2.9380548455008304,95.72933473741908
2.62,2.938058989824336,95.73073441924987
2.64,2.9380628551738157,95.73203988187346
2.66,2.938066460324518,95.73325746634251
2.68,2.9380698227885933,95.73439308711767
2.7,2.938072958900003,95.73545226074464
2.72,2.938075883893731,95.73644013260622
2.74,2.9380786119796767,95.73736150187831
2.7600000000000002,2.9380811564115845,95.73822084481007
2.7800000000000002,2.9380835295513448,95.73902233644053
2.8000000000000003,2.9380857429289726,95.73976987085634
2.82,2.9380878072985643,95.74046708008859
2.84,2.938089732690486,95.7411173517398
2.86,2.938091528460057,95.74172384542634
2.88,2.938093203332966,95.74228950811568
2.9,2.938094765447627,95.74281708843274
2.92,2.9380962223946945,95.74330915000445
2.94,2.9380975812539134,95.74376808390696
2.96,2.938098848628503,95.7441961202761
2.98,2.9381000306772176,95.74459533913695
3,2.9381011331442575,95.74496768050508
3.02,2.9381021613871647,95.7453149538085
3.04,2.938103120402844,95.74563884667577
3.06,2.938104014851838,95.74594093313304
3.08,2.9381048490809585,95.74622268124963
3.1,2.938105627144404,95.74648546026924
3.12,2.9381063528234543,95.7467305472614
3.14,2.9381070296448417,95.74695913332539
3.16,2.938107660897879,95.7471723293768
3.18,2.938108249650446,95.74737117154453
3.2,2.9381087987638876,95.74755662620487
3.22,2.938109310906924,95.74772959467663
3.24,2.938109788568611,95.74789091760039
3.2600000000000002,2.938110234070437,95.748041379023
3.2800000000000002,2.938110649577599,95.7481817102072
3.3000000000000003,2.938111037109529,95.74831259318493
3.3200000000000003,2.9381113985497023,95.7484346640713
3.34,2.938111735654792,95.74854851615568
3.36,2.9381120500632045,95.74865470278468
3.38,2.938112343303041,95.74875374005104
3.4,2.938112616799523,95.74884610930164
3.42,2.938112871881919,95.7489322594765
3.44,2.9381131097900033,95.74901260929057
3.46,2.938113331680082,95.74908754926848
3.48,2.9381135386306116,95.74915744364239
3.5,2.9381137316474413,95.74922263212207
3.52,2.9381139116686974,95.74928343154583
3.54,2.9381140795693472,95.74934013742035
3.56,2.9381142361654478,95.74939302535674
3.58,2.9381143822181164,95.74944235241006
3.6,2.9381145184372235,95.74948835832856
3.62,2.9381146454848475,95.74953126671892
3.64,2.93811476397849,95.74957128613292
3.66,2.9381148744940773,95.74960861108106
3.68,2.9381149775687616,95.7496434229779
3.7,2.9381150737035275,95.74967589102374
3.72,2.938115163365632,95.74970617302698
3.74,2.93811524699087,95.7497344161711
3.7600000000000002,2.938115324985696,95.74976075772997
3.7800000000000002,2.9381153977292,95.74978532573509
3.8000000000000003,2.9381154655749473,95.7498082395978
3.8200000000000003,2.9381155288526983,95.74982961068966
3.84,2.938115587870011,95.74984954288378
3.86,2.938115642913737,95.74986813305965
3.88,2.9381156942514135,95.74988547157399
3.9,2.9381157421325645,95.74990164269992
3.92,2.9381157867899153,95.7499167250366
3.94,2.9381158284405204,95.74993079189116
3.96,2.9381158672868226,95.7499439116351
3.98,2.938115903517632,95.74995614803652
4,2.9381159373090484,95.74996756057008
4.0200000000000005,2.938115968825313,95.74997820470612
4.04,2.938115998219611,95.74998813218019
4.0600000000000005,2.938116025634811,95.74999739124455
4.08,2.938116051204166,95.75000602690267
4.1,2.938116075051954,95.750014081128
4.12,2.938116097294087,95.75002159306796
4.14,2.9381161180386726,95.75002859923418
4.16,2.9381161373865394,95.75003513368006
4.18,2.9381161554317274,95.75004122816614
4.2,2.938116172261945,95.75004691231459
4.22,2.938116187958996,95.75005221375315
4.24,2.9381162025991743,95.75005715824939
4.26,2.938116216253639,95.75006176983598
4.28,2.9381162289887586,95.7500660709275
4.3,2.9381162408664308,95.75007008242936
4.32,2.938116251944386,95.75007382383941
4.34,2.9381162622764707,95.75007731334277
4.36,2.938116271912902,95.75008056790014
4.38,2.938116280900519,95.75008360333027
4.4,2.9381162892830055,95.75008643438683
4.42,2.938116297101105,95.75008907483017
4.44,2.9381163043928162,95.75009153749416
4.46,2.938116311193582,95.75009383434855
4.48,2.9381163175364557,95.75009597655719
4.5,2.9381163234522685,95.7500979745323
4.5200000000000005,2.938116328969773,95.750099837985
4.54,2.9381163341157874,95.75010157597262
4.5600000000000005,2.938116338915324,95.75010319694262
4.58,2.938116343391711,95.75010470877373
4.6000000000000005,2.938116347566705,95.7501061188142
4.62,2.9381163514606,95.75010743391753
4.64,2.9381163550923217,95.75010866047579
4.66,2.9381163584795216,95.75010980445063
4.68,2.938116361638663,95.75011087140237
4.7,2.9381163645851016,95.75011186651692
4.72,2.9381163673331585,95.75011279463102
4.74,2.93811636989619,95.75011366025578
4.76,2.9381163722866543,95.75011446759856
4.78,2.9381163745161705,95.75011522058345
4.8,2.9381163765955742,95.75011592287034
4.82,2.938116378534973,95.75011657787267
4.84,2.9381163803437937,95.75011718877411
4.86,2.9381163820308274,95.75011775854394
4.88,2.9381163836042745,95.75011828995152
4.9,2.9381163850717824,95.75011878557974
4.92,2.938116386440483,95.75011924783763
4.94,2.9381163877170304,95.75011967897198
4.96,2.938116388907629,95.75012008107832
4.98,2.938116390018065,95.75012045611109
5,2.938116391053736,95.75012080589313
5.0200000000000005,2.938116392019676,95.75012113212458
5.04,2.9381163929205796,95.75012143639105
5.0600000000000005,2.9381163937608266,95.75012172017145
5.08,2.9381163945445,95.7501219848451
5.1000000000000005,2.9381163952754084,95.75012223169843
5.12,2.9381163959571057,95.75012246193127
5.14,2.938116396592905,95.75012267666268
5.16,2.9381163971858957,95.75012287693636
5.18,2.9381163977389613,95.75012306372574
5.2,2.938116398254789,95.7501232379387
5.22,2.938116398735887,95.750123400422
5.24,2.938116399184592,95.7501235519654
5.26,2.9381163996030866,95.75012369330548
5.28,2.938116399993404,95.75012382512922
5.3,2.9381164003574414,95.75012394807734
5.32,2.938116400696969,95.75012406274745
5.34,2.9381164010136356,95.75012416969689
5.36,2.9381164013089816,95.7501242694455
5.38,2.938116401584442,95.75012436247808
5.4,2.938116401841356,95.75012444924684
5.42,2.9381164020809725,95.75012453017351
5.44,2.938116402304455,95.75012460565144
5.46,2.9381164025128914,95.75012467604748
5.48,2.9381164027072932,95.7501247417038
5.5,2.938116402888607,95.75012480293952
5.5200000000000005,2.9381164030577116,95.75012486005228
5.54,2.938116403215431,95.75012491331968
5.5600000000000005,2.9381164033625318,95.75012496300062
5.58,2.9381164034997282,95.75012500933656
5.6000000000000005,2.938116403627687,95.75012505255273
5.62,2.9381164037470304,95.7501250928592
5.64,2.9381164038583387,95.75012513045183
5.66,2.9381164039621526,95.7501251655134
5.68,2.9381164040589773,95.75012519821428
5.7,2.938116404149282,95.75012522871343
5.72,2.9381164042335066,95.7501252571591
5.74,2.9381164043120607,95.75012528368953
5.76,2.938116404385326,95.75012530843368
5.78,2.938116404453658,95.75012533151182
5.8,2.93811640451739,95.75012535303614
5.82,2.93811640457683,95.75012537311123
5.84,2.9381164046322685,95.75012539183469
5.86,2.9381164046839743,95.7501254092975
5.88,2.9381164047321984,95.75012542558454
5.9,2.9381164047771753,95.750125440775
5.92,2.938116404819125,95.75012545494269
5.94,2.93811640485825,95.75012546815648
5.96,2.938116404894741,95.75012548048059
5.98,2.938116404928774,95.75012549197493
6,2.938116404960516,95.75012550269535
6.0200000000000005,2.9381164049901214,95.75012551269398
6.04,2.938116405017733,95.75012552201942
6.0600000000000005,2.938116405043486,95.75012553071697
6.08,2.9381164050675044,95.75012553882893
6.1000000000000005,2.9381164050899056,95.7501255463947
6.12,2.938116405110799,95.75012555345108
6.140000000000001,2.9381164051302857,95.75012556003236
6.16,2.9381164051484605,95.75012556617052
6.18,2.938116405165411,95.75012557189541
6.2,2.9381164051812205,95.75012557723484
6.22,2.9381164051959656,95.75012558221478
6.24,2.938116405209718,95.75012558685941
6.26,2.9381164052225444,95.75012559119133
6.28,2.9381164052345072,95.75012559523158
6.3,2.9381164052456645,95.7501255989998
6.32,2.9381164052560704,95.75012560251432
6.34,2.938116405265776,95.75012560579219
6.36,2.938116405274828,95.75012560884937
6.38,2.93811640528327,95.75012561170072
6.4,2.9381164052911446,95.75012561436009
6.42,2.938116405298489,95.75012561684039
6.44,2.9381164053053386,95.7501256191537
6.46,2.938116405311727,95.75012562131127
6.48,2.9381164053176847,95.75012562332357
6.5,2.9381164053232416,95.75012562520038
6.5200000000000005,2.938116405328425,95.75012562695082
6.54,2.9381164053332594,95.7501256285834
6.5600000000000005,2.9381164053377677,95.75012563010607
6.58,2.9381164053419724,95.75012563152622
6.6000000000000005,2.9381164053458937,95.75012563285074
6.62,2.938116405349551,95.75012563408609
6.640000000000001,2.9381164053529627,95.75012563523826
6.66,2.938116405356145,95.75012563631286
6.68,2.9381164053591124,95.75012563731511
6.7,2.93811640536188,95.75012563824987
6.72,2.938116405364461,95.75012563912169
6.74,2.9381164053668694,95.75012563993482
6.76,2.938116405369115,95.7501256406932
6.78,2.938116405371209,95.75012564140052
6.8,2.9381164053731625,95.75012564206021
6.82,2.938116405374984,95.75012564267548
6.84,2.9381164053766833,95.75012564324933
6.86,2.938116405378268,95.75012564378456
6.88,2.9381164053797457,95.75012564428374
6.9,2.9381164053811246,95.75012564474932
6.92,2.9381164053824103,95.75012564518354
6.94,2.9381164053836093,95.75012564558853
6.96,2.9381164053847275,95.75012564596625
6.98,2.9381164053857707,95.75012564631854
7,2.9381164053867437,95.7501256466471
7.0200000000000005,2.938116405387651,95.75012564695355
7.04,2.938116405388497,95.75012564723936
7.0600000000000005,2.938116405389286,95.75012564750593
7.08,2.9381164053900224,95.75012564775454
7.1000000000000005,2.9381164053907085,95.75012564798642
7.12,2.9381164053913493,95.7501256482027
7.140000000000001,2.9381164053919466,95.7501256484044
7.16,2.9381164053925035,95.75012564859253
7.18,2.938116405393023,95.75012564876799
7.2,2.9381164053935076,95.75012564893164
7.22,2.9381164053939597,95.75012564908427
7.24,2.938116405394381,95.75012564922662
7.26,2.9381164053947746,95.75012564935939
7.28,2.938116405395141,95.75012564948322
7.3,2.9381164053954825,95.75012564959871
7.32,2.9381164053958018,95.75012564970643
7.34,2.9381164053960998,95.7501256498069
7.36,2.938116405396377,95.75012564990061
7.38,2.9381164053966353,95.75012564998801
7.4,2.938116405396877,95.75012565006952
7.42,2.938116405397102,95.75012565014553
7.44,2.938116405397312,95.75012565021643
7.46,2.938116405397508,95.75012565028256
7.48,2.9381164053976905,95.75012565034423
7.5,2.9381164053978606,95.75012565040176
7.5200000000000005,2.93811640539802,95.7501256504554
7.54,2.9381164053981683,95.75012565050544
7.5600000000000005,2.938116405398306,95.7501256505521
7.58,2.9381164053984348,95.75012565059563
7.6000000000000005,2.9381164053985547,95.75012565063624
7.62,2.9381164053986666,95.7501256506741
7.640000000000001,2.9381164053987714,95.7501256507094
7.66,2.938116405398869,95.75012565074235
7.68,2.9381164053989597,95.75012565077307
7.7,2.9381164053990445,95.75012565080172
7.72,2.938116405399124,95.75012565082844
7.74,2.9381164053991977,95.75012565085336
7.76,2.9381164053992666,95.75012565087661
7.78,2.938116405399331,95.75012565089828
7.8,2.9381164053993905,95.7501256509185
7.82,2.9381164053994464,95.75012565093736
7.84,2.938116405399499,95.75012565095496
7.86,2.938116405399547,95.75012565097136
7.88,2.9381164053995925,95.75012565098666
7.9,2.9381164053996347,95.75012565100093
7.92,2.938116405399674,95.75012565101423
7.94,2.938116405399711,95.75012565102664
7.96,2.9381164053997457,95.75012565103822
7.98,2.9381164053997777,95.75012565104902
8,2.9381164053998075,95.7501256510591
8.02,2.9381164053998354,95.75012565106849
8.040000000000001,2.9381164053998607,95.75012565107724
8.06,2.9381164053998847,95.75012565108541
8.08,2.9381164053999074,95.75012565109303
8.1,2.9381164053999287,95.75012565110013
8.120000000000001,2.9381164053999482,95.75012565110676
8.14,2.938116405399966,95.75012565111294
8.16,2.938116405399983,95.75012565111871
8.18,2.9381164053999993,95.75012565112408
8.2,2.9381164054000144,95.7501256511291
8.22,2.938116405400028,95.75012565113377
8.24,2.9381164054000406,95.75012565113813
8.26,2.938116405400053,95.7501256511422
8.28,2.9381164054000646,95.75012565114599
8.3,2.938116405400075,95.75012565114953
8.32,2.9381164054000846,95.75012565115283
8.34,2.938116405400094,95.75012565115591
8.36,2.938116405400102,95.75012565115878
8.38,2.93811640540011,95.75012565116147
8.4,2.938116405400117,95.75012565116397
8.42,2.938116405400124,95.7501256511663
8.44,2.9381164054001303,95.75012565116847
8.46,2.9381164054001365,95.7501256511705
8.48,2.9381164054001423,95.7501256511724
8.5,2.938116405400148,95.75012565117416
8.52,2.938116405400153,95.75012565117581
8.540000000000001,2.938116405400157,95.75012565117734
8.56,2.9381164054001614,95.75012565117878
8.58,2.938116405400166,95.75012565118011
8.6,2.9381164054001694,95.75012565118135
8.620000000000001,2.938116405400173,95.75012565118251
8.64,2.9381164054001765,95.7501256511836
8.66,2.938116405400179,95.7501256511846
8.68,2.9381164054001814,95.75012565118554
8.700000000000001,2.9381164054001845,95.75012565118642
8.72,2.938116405400187,95.75012565118723
8.74,2.9381164054001885,95.750125651188
8.76,2.9381164054001907,95.75012565118871
8.78,2.9381164054001925,95.75012565118938
8.8,2.938116405400195,95.75012565119
8.82,2.9381164054001965,95.75012565119059
8.84,2.9381164054001982,95.75012565119113
8.86,2.9381164054001996,95.75012565119162
8.88,2.938116405400201,95.75012565119209
8.9,2.9381164054002022,95.75012565119253
8.92,2.938116405400203,95.75012565119295
8.94,2.938116405400205,95.75012565119333
8.96,2.9381164054002054,95.75012565119368
8.98,2.9381164054002067,95.75012565119401
9,2.938116405400207,95.75012565119432
9.02,2.938116405400208,95.75012565119461
9.040000000000001,2.9381164054002094,95.75012565119488
9.06,2.9381164054002102,95.75012565119513
9.08,2.938116405400211,95.75012565119536
9.1,2.9381164054002116,95.75012565119557
9.120000000000001,2.9381164054002116,95.75012565119577
9.14,2.938116405400212,95.75012565119596
9.16,2.938116405400213,95.75012565119613
9.18,2.9381164054002133,95.7501256511963
9.200000000000001,2.938116405400214,95.75012565119646
9.22,2.9381164054002147,95.7501256511966
9.24,2.9381164054002147,95.75012565119673
9.26,2.938116405400215,95.75012565119685
9.28,2.938116405400215,95.75012565119697
9.3,2.938116405400215,95.75012565119708
9.32,2.9381164054002156,95.75012565119718
9.34,2.938116405400216,95.75012565119728
9.36,2.938116405400216,95.75012565119737
9.38,2.938116405400216,95.75012565119745
9.4,2.9381164054002165,95.75012565119752
9.42,2.9381164054002173,95.75012565119759
9.44,2.9381164054002173,95.75012565119766
9.46,2.9381164054002173,95.75012565119772
9.48,2.938116405400218,95.75012565119778
9.5,2.938116405400218,95.75012565119783
9.52,2.938116405400218,95.75012565119788
9.540000000000001,2.938116405400218,95.75012565119792
9.56,2.938116405400218,95.75012565119796
9.58,2.938116405400218,95.750125651198
9.6,2.9381164054002182,95.75012565119805
9.620000000000001,2.9381164054002187,95.75012565119808
9.64,2.9381164054002187,95.7501256511981
9.66,2.9381164054002187,95.75012565119813
9.68,2.9381164054002187,95.75012565119816
9.700000000000001,2.9381164054002187,95.75012565119819
9.72,2.9381164054002187,95.75012565119822
9.74,2.9381164054002187,95.75012565119825
9.76,2.9381164054002187,95.75012565119827
9.78,2.9381164054002187,95.75012565119829
9.8,2.9381164054002187,95.7501256511983
9.82,2.938116405400219,95.75012565119832
9.84,2.93811640540022,95.75012565119833
9.86,2.93811640540022,95.75012565119835
9.88,2.93811640540022,95.75012565119836
9.9,2.93811640540022,95.75012565119837
9.92,2.93811640540022,95.75012565119839
9.94,2.93811640540022,95.7501256511984
9.96,2.93811640540022,95.75012565119842
9.98,2.93811640540022,95.75012565119843
10,2.93811640540022,95.75012565119845
10.02,2.93811640540022,95.75012565119846
10.040000000000001,2.93811640540022,95.75012565119847
10.06,2.93811640540022,95.75012565119847
10.08,2.93811640540022,95.75012565119847
10.1,2.93811640540022,95.75012565119847
10.120000000000001,2.93811640540022,95.75012565119847
10.14,2.93811640540022,95.75012565119847
10.16,2.93811640540022,95.75012565119847
10.18,2.93811640540022,95.75012565119847
10.200000000000001,2.93811640540022,95.75012565119847
10.22,2.93811640540022,95.75012565119847
10.24,2.93811640540022,95.75012565119847
10.26,2.93811640540022,95.75012565119847
10.28,2.93811640540022,95.75012565119847
10.3,2.93811640540022,95.75012565119847
10.32,2.93811640540022,95.75012565119847
10.34,2.93811640540022,95.75012565119847
10.36,2.93811640540022,95.75012565119847
10.38,2.93811640540022,95.75012565119847
10.4,2.93811640540022,95.75012565119847
10.42,2.93811640540022,95.75012565119847
10.44,2.93811640540022,95.75012565119847
10.46,2.93811640540022,95.75012565119847
10.48,2.93811640540022,95.75012565119847
10.5,2.93811640540022,95.75012565119847
10.52,2.93811640540022,95.75012565119847
10.540000000000001,2.93811640540022,95.75012565119847
10.56,2.93811640540022,95.75012565119847
10.58,2.93811640540022,95.75012565119847
10.6,2.93811640540022,95.75012565119847
10.620000000000001,2.93811640540022,95.75012565119847
10.64,2.93811640540022,95.75012565119847
10.66,2.93811640540022,95.75012565119847
10.68,2.93811640540022,95.75012565119847
10.700000000000001,2.93811640540022,95.75012565119847
10.72,2.93811640540022,95.75012565119847
10.74,2.93811640540022,95.75012565119847
10.76,2.93811640540022,95.75012565119847
10.78,2.93811640540022,95.75012565119847
10.8,2.93811640540022,95.75012565119847
10.82,2.93811640540022,95.75012565119847
10.84,2.93811640540022,95.75012565119847
10.86,2.93811640540022,95.75012565119847
10.88,2.93811640540022,95.75012565119847
10.9,2.93811640540022,95.75012565119847
10.92,2.93811640540022,95.75012565119847
10.94,2.93811640540022,95.75012565119847
10.96,2.93811640540022,95.75012565119847
10.98,2.93811640540022,95.75012565119847
11,2.93811640540022,95.75012565119847
11.02,2.93811640540022,95.75012565119847
11.040000000000001,2.93811640540022,95.75012565119847
11.06,2.93811640540022,95.75012565119847
11.08,2.93811640540022,95.75012565119847
11.1,2.93811640540022,95.75012565119847
11.120000000000001,2.93811640540022,95.75012565119847
11.14,2.93811640540022,95.75012565119847
11.16,2.93811640540022,95.75012565119847
11.18,2.93811640540022,95.75012565119847
11.200000000000001,2.93811640540022,95.75012565119847
11.22,2.93811640540022,95.75012565119847
11.24,2.93811640540022,95.75012565119847
11.26,2.93811640540022,95.75012565119847
11.28,2.93811640540022,95.75012565119847
11.3,2.93811640540022,95.75012565119847
11.32,2.93811640540022,95.75012565119847
11.34,2.93811640540022,95.75012565119847
11.36,2.93811640540022,95.75012565119847
11.38,2.93811640540022,95.75012565119847
11.4,2.93811640540022,95.75012565119847
11.42,2.93811640540022,95.75012565119847
11.44,2.93811640540022,95.75012565119847
11.46,2.93811640540022,95.75012565119847
11.48,2.93811640540022,95.75012565119847
11.5,2.93811640540022,95.75012565119847
11.52,2.93811640540022,95.75012565119847
11.540000000000001,2.93811640540022,95.75012565119847
11.56,2.93811640540022,95.75012565119847
11.58,2.93811640540022,95.75012565119847
11.6,2.93811640540022,95.75012565119847
11.620000000000001,2.93811640540022,95.75012565119847
11.64,2.93811640540022,95.75012565119847
11.66,2.93811640540022,95.75012565119847
11.68,2.93811640540022,95.75012565119847
11.700000000000001,2.93811640540022,95.75012565119847
11.72,2.93811640540022,95.75012565119847
11.74,2.93811640540022,95.75012565119847
11.76,2.93811640540022,95.75012565119847
11.78,2.93811640540022,95.75012565119847
11.8,2.93811640540022,95.75012565119847
11.82,2.93811640540022,95.75012565119847
11.84,2.93811640540022,95.75012565119847
11.86,2.93811640540022,95.75012565119847
11.88,2.93811640540022,95.75012565119847
11.9,2.93811640540022,95.75012565119847
11.92,2.93811640540022,95.75012565119847
11.94,2.93811640540022,95.75012565119847
11.96,2.93811640540022,95.75012565119847
11.98,2.93811640540022,95.75012565119847
12,2.93811640540022,95.75012565119847
12.02,2.93811640540022,95.75012565119847
12.040000000000001,2.93811640540022,95.75012565119847
12.06,2.93811640540022,95.75012565119847
12.08,2.93811640540022,95.75012565119847
12.1,2.93811640540022,95.75012565119847
12.120000000000001,2.93811640540022,95.75012565119847
12.14,2.93811640540022,95.75012565119847
12.16,2.93811640540022,95.75012565119847
12.18,2.93811640540022,95.75012565119847
12.200000000000001,2.93811640540022,95.75012565119847
12.22,2.93811640540022,95.75012565119847
12.24,2.93811640540022,95.75012565119847
12.26,2.93811640540022,95.75012565119847
12.280000000000001,2.93811640540022,95.75012565119847
12.3,2.93811640540022,95.75012565119847
12.32,2.93811640540022,95.75012565119847
12.34,2.93811640540022,95.75012565119847
12.36,2.93811640540022,95.75012565119847
12.38,2.93811640540022,95.75012565119847
12.4,2.93811640540022,95.75012565119847
12.42,2.93811640540022,95.75012565119847
12.44,2.93811640540022,95.75012565119847
12.46,2.93811640540022,95.75012565119847
12.48,2.93811640540022,95.75012565119847
12.5,2.93811640540022,95.75012565119847
12.52,2.93811640540022,95.75012565119847
12.540000000000001,2.93811640540022,95.75012565119847
12.56,2.93811640540022,95.75012565119847
12.58,2.93811640540022,95.75012565119847
12.6,2.93811640540022,95.75012565119847
12.620000000000001,2.93811640540022,95.75012565119847
12.64,2.93811640540022,95.75012565119847
12.66,2.93811640540022,95.75012565119847
12.68,2.93811640540022,95.75012565119847
12.700000000000001,2.93811640540022,95.75012565119847
12.72,2.93811640540022,95.75012565119847
12.74,2.93811640540022,95.75012565119847
12.76,2.93811640540022,95.75012565119847
12.780000000000001,2.93811640540022,95.75012565119847
12.8,2.93811640540022,95.75012565119847
12.82,2.93811640540022,95.75012565119847
12.84,2.93811640540022,95.75012565119847
12.86,2.93811640540022,95.75012565119847
12.88,2.93811640540022,95.75012565119847
12.9,2.93811640540022,95.75012565119847
12.92,2.93811640540022,95.75012565119847
12.94,2.93811640540022,95.75012565119847
12.96,2.93811640540022,95.75012565119847
12.98,2.93811640540022,95.75012565119847
13,2.93811640540022,95.75012565119847
13.02,2.93811640540022,95.75012565119847
13.040000000000001,2.93811640540022,95.75012565119847
13.06,2.93811640540022,95.75012565119847
13.08,2.93811640540022,95.75012565119847
13.1,2.93811640540022,95.75012565119847
13.120000000000001,2.93811640540022,95.75012565119847
13.14,2.93811640540022,95.75012565119847
13.16,2.93811640540022,95.75012565119847
13.18,2.93811640540022,95.75012565119847
13.200000000000001,2.93811640540022,95.75012565119847
13.22,2.93811640540022,95.75012565119847
13.24,2.93811640540022,95.75012565119847
13.26,2.93811640540022,95.75012565119847
13.280000000000001,2.93811640540022,95.75012565119847
13.3,2.93811640540022,95.75012565119847
13.32,2.93811640540022,95.75012565119847
13.34,2.93811640540022,95.75012565119847
13.36,2.93811640540022,95.75012565119847
13.38,2.93811640540022,95.75012565119847
13.4,2.93811640540022,95.75012565119847
13.42,2.93811640540022,95.75012565119847
13.44,2.93811640540022,95.75012565119847
13.46,2.93811640540022,95.75012565119847
13.48,2.93811640540022,95.75012565119847
13.5,2.93811640540022,95.75012565119847
13.52,2.93811640540022,95.75012565119847
13.540000000000001,2.93811640540022,95.75012565119847
13.56,2.93811640540022,95.75012565119847
13.58,2.93811640540022,95.75012565119847
13.6,2.93811640540022,95.75012565119847
13.620000000000001,2.93811640540022,95.75012565119847
13.64,2.93811640540022,95.75012565119847
13.66,2.93811640540022,95.75012565119847
13.68,2.93811640540022,95.75012565119847
13.700000000000001,2.93811640540022,95.75012565119847
13.72,2.93811640540022,95.75012565119847
13.74,2.93811640540022,95.75012565119847
13.76,2.93811640540022,95.75012565119847
13.780000000000001,2.93811640540022,95.75012565119847
13.8,2.93811640540022,95.75012565119847
13.82,2.93811640540022,95.75012565119847
13.84,2.93811640540022,95.75012565119847
13.86,2.93811640540022,95.75012565119847
13.88,2.93811640540022,95.75012565119847
13.9,2.93811640540022,95.75012565119847
13.92,2.93811640540022,95.75012565119847
13.94,2.93811640540022,95.75012565119847
13.96,2.93811640540022,95.75012565119847
13.98,2.93811640540022,95.75012565119847
14,2.93811640540022,95.75012565119847
14.02,2.93811640540022,95.75012565119847
14.040000000000001,2.93811640540022,95.75012565119847
14.06,2.93811640540022,95.75012565119847
14.08,2.93811640540022,95.75012565119847
14.1,2.93811640540022,95.75012565119847
14.120000000000001,2.93811640540022,95.75012565119847
14.14,2.93811640540022,95.75012565119847
14.16,2.93811640540022,95.75012565119847
14.18,2.93811640540022,95.75012565119847
14.200000000000001,2.93811640540022,95.75012565119847
14.22,2.93811640540022,95.75012565119847
14.24,2.93811640540022,95.75012565119847
14.26,2.93811640540022,95.75012565119847
14.280000000000001,2.93811640540022,95.75012565119847
14.3,2.93811640540022,95.75012565119847
14.32,2.93811640540022,95.75012565119847
14.34,2.93811640540022,95.75012565119847
14.36,2.93811640540022,95.75012565119847
14.38,2.93811640540022,95.75012565119847
14.4,2.93811640540022,95.75012565119847
14.42,2.93811640540022,95.75012565119847
14.44,2.93811640540022,95.75012565119847
14.46,2.93811640540022,95.75012565119847
14.48,2.93811640540022,95.75012565119847
14.5,2.93811640540022,95.75012565119847
14.52,2.93811640540022,95.75012565119847
14.540000000000001,2.93811640540022,95.75012565119847
14.56,2.93811640540022,95.75012565119847
14.58,2.93811640540022,95.75012565119847
14.6,2.93811640540022,95.75012565119847
14.620000000000001,2.93811640540022,95.75012565119847
14.64,2.93811640540022,95.75012565119847
14.66,2.93811640540022,95.75012565119847
14.68,2.93811640540022,95.75012565119847
14.700000000000001,2.93811640540022,95.75012565119847
14.72,2.93811640540022,95.75012565119847
14.74,2.93811640540022,95.75012565119847
14.76,2.93811640540022,95.75012565119847
14.780000000000001,2.93811640540022,95.75012565119847
14.8,2.93811640540022,95.75012565119847
14.82,2.93811640540022,95.75012565119847
14.84,2.93811640540022,95.75012565119847
14.86,2.93811640540022,95.75012565119847
14.88,2.93811640540022,95.75012565119847
14.9,2.93811640540022,95.75012565119847
14.92,2.93811640540022,95.75012565119847
14.94,2.93811640540022,95.75012565119847
14.96,2.93811640540022,95.75012565119847
14.98,2.93811640540022,95.75012565119847
15,2.93811640540022,95.75012565119847
15.02,2.93811640540022,95.75012565119847
15.040000000000001,2.93811640540022,95.75012565119847
15.06,2.93811640540022,95.75012565119847
15.08,2.93811640540022,95.75012565119847
15.1,2.93811640540022,95.75012565119847
15.120000000000001,2.93811640540022,95.75012565119847
15.14,2.93811640540022,95.75012565119847
15.16,2.93811640540022,95.75012565119847
15.18,2.93811640540022,95.75012565119847
15.200000000000001,2.93811640540022,95.75012565119847
15.22,2.93811640540022,95.75012565119847
15.24,2.93811640540022,95.75012565119847
15.26,2.93811640540022,95.75012565119847
15.280000000000001,2.93811640540022,95.75012565119847
15.3,2.93811640540022,95.75012565119847
15.32,2.93811640540022,95.75012565119847
15.34,2.93811640540022,95.75012565119847
15.36,2.93811640540022,95.75012565119847
15.38,2.93811640540022,95.75012565119847
15.4,2.93811640540022,95.75012565119847
15.42,2.93811640540022,95.75012565119847
15.44,2.93811640540022,95.75012565119847
15.46,2.93811640540022,95.75012565119847
15.48,2.93811640540022,95.75012565119847
15.5,2.93811640540022,95.75012565119847
15.52,2.93811640540022,95.75012565119847
15.540000000000001,2.93811640540022,95.75012565119847
15.56,2.93811640540022,95.75012565119847
15.58,2.93811640540022,95.75012565119847
15.6,2.93811640540022,95.75012565119847
15.620000000000001,2.93811640540022,95.75012565119847
15.64,2.93811640540022,95.75012565119847
15.66,2.93811640540022,95.75012565119847
15.68,2.93811640540022,95.75012565119847
15.700000000000001,2.93811640540022,95.75012565119847
15.72,2.93811640540022,95.75012565119847
15.74,2.93811640540022,95.75012565119847
15.76,2.93811640540022,95.75012565119847
15.780000000000001,2.93811640540022,95.75012565119847
15.8,2.93811640540022,95.75012565119847
15.82,2.93811640540022,95.75012565119847
15.84,2.93811640540022,95.75012565119847
15.860000000000001,2.93811640540022,95.75012565119847
15.88,2.93811640540022,95.75012565119847
15.9,2.93811640540022,95.75012565119847
15.92,2.93811640540022,95.75012565119847
15.94,2.93811640540022,95.75012565119847
15.96,2.93811640540022,95.75012565119847
15.98,2.93811640540022,95.75012565119847
16,2.93811640540022,95.75012565119847
16.02,2.93811640540022,95.75012565119847
16.04,2.93811640540022,95.75012565119847
16.06,2.93811640540022,95.75012565119847
16.080000000000002,2.93811640540022,95.75012565119847
16.1,2.93811640540022,95.75012565119847
16.12,2.93811640540022,95.75012565119847
16.14,2.93811640540022,95.75012565119847
16.16,2.93811640540022,95.75012565119847
16.18,2.93811640540022,95.75012565119847
16.2,2.93811640540022,95.75012565119847
16.22,2.93811640540022,95.75012565119847
16.240000000000002,2.93811640540022,95.75012565119847
16.26,2.93811640540022,95.75012565119847
16.28,2.93811640540022,95.75012565119847
16.3,2.93811640540022,95.75012565119847
16.32,2.93811640540022,95.75012565119847
16.34,2.93811640540022,95.75012565119847
16.36,2.93811640540022,95.75012565119847
16.38,2.93811640540022,95.75012565119847
16.4,2.93811640540022,95.75012565119847
16.42,2.93811640540022,95.75012565119847
16.44,2.93811640540022,95.75012565119847
16.46,2.93811640540022,95.75012565119847
16.48,2.93811640540022,95.75012565119847
16.5,2.93811640540022,95.75012565119847
16.52,2.93811640540022,95.75012565119847
16.54,2.93811640540022,95.75012565119847
16.56,2.93811640540022,95.75012565119847
16.580000000000002,2.93811640540022,95.75012565119847
16.6,2.93811640540022,95.75012565119847
16.62,2.93811640540022,95.75012565119847
16.64,2.93811640540022,95.75012565119847
16.66,2.93811640540022,95.75012565119847
16.68,2.93811640540022,95.75012565119847
16.7,2.93811640540022,95.75012565119847
16.72,2.93811640540022,95.75012565119847
16.740000000000002,2.93811640540022,95.75012565119847
16.76,2.93811640540022,95.75012565119847
16.78,2.93811640540022,95.75012565119847
16.8,2.93811640540022,95.75012565119847
16.82,2.93811640540022,95.75012565119847
16.84,2.93811640540022,95.75012565119847
16.86,2.93811640540022,95.75012565119847
16.88,2.93811640540022,95.75012565119847
16.9,2.93811640540022,95.75012565119847
16.92,2.93811640540022,95.75012565119847
16.94,2.93811640540022,95.75012565119847
16.96,2.93811640540022,95.75012565119847
16.98,2.93811640540022,95.75012565119847
17,2.93811640540022,95.75012565119847
17.02,2.93811640540022,95.75012565119847
17.04,2.93811640540022,95.75012565119847
17.06,2.93811640540022,95.75012565119847
17.080000000000002,2.93811640540022,95.75012565119847
17.1,2.93811640540022,95.75012565119847
17.12,2.93811640540022,95.75012565119847
17.14,2.93811640540022,95.75012565119847
17.16,2.93811640540022,95.75012565119847
17.18,2.93811640540022,95.75012565119847
17.2,2.93811640540022,95.75012565119847
17.22,2.93811640540022,95.75012565119847
17.240000000000002,2.93811640540022,95.75012565119847
17.26,2.93811640540022,95.75012565119847
17.28,2.93811640540022,95.75012565119847
17.3,2.93811640540022,95.75012565119847
17.32,2.93811640540022,95.75012565119847
17.34,2.93811640540022,95.75012565119847
17.36,2.93811640540022,95.75012565119847
17.38,2.93811640540022,95.75012565119847
17.400000000000002,2.93811640540022,95.75012565119847
17.42,2.93811640540022,95.75012565119847
17.44,2.93811640540022,95.75012565119847
17.46,2.93811640540022,95.75012565119847
17.48,2.93811640540022,95.75012565119847
17.5,2.93811640540022,95.75012565119847
17.52,2.93811640540022,95.75012565119847
17.54,2.93811640540022,95.75012565119847
17.56,2.93811640540022,95.75012565119847
17.580000000000002,2.93811640540022,95.75012565119847
17.6,2.93811640540022,95.75012565119847
17.62,2.93811640540022,95.75012565119847
17.64,2.93811640540022,95.75012565119847
17.66,2.93811640540022,95.75012565119847
17.68,2.93811640540022,95.75012565119847
17.7,2.93811640540022,95.75012565119847
17.72,2.93811640540022,95.75012565119847
17.740000000000002,2.93811640540022,95.75012565119847
17.76,2.93811640540022,95.75012565119847
17.78,2.93811640540022,95.75012565119847
17.8,2.93811640540022,95.75012565119847
17.82,2.93811640540022,95.75012565119847
17.84,2.93811640540022,95.75012565119847
17.86,2.93811640540022,95.75012565119847
17.88,2.93811640540022,95.75012565119847
17.900000000000002,2.93811640540022,95.75012565119847
17.92,2.93811640540022,95.75012565119847
17.94,2.93811640540022,95.75012565119847
17.96,2.93811640540022,95.75012565119847
17.98,2.93811640540022,95.75012565119847
18,2.93811640540022,95.75012565119847
18.02,2.93811640540022,95.75012565119847
18.04,2.93811640540022,95.75012565119847
18.06,2.93811640540022,95.75012565119847
18.080000000000002,2.93811640540022,95.75012565119847
18.1,2.93811640540022,95.75012565119847
18.12,2.93811640540022,95.75012565119847
18.14,2.93811640540022,95.75012565119847
18.16,2.93811640540022,95.75012565119847
18.18,2.93811640540022,95.75012565119847
18.2,2.93811640540022,95.75012565119847
18.22,2.93811640540022,95.75012565119847
18.240000000000002,2.93811640540022,95.75012565119847
18.26,2.93811640540022,95.75012565119847
18.28,2.93811640540022,95.75012565119847
18.3,2.93811640540022,95.75012565119847
18.32,2.93811640540022,95.75012565119847
18.34,2.93811640540022,95.75012565119847
18.36,2.93811640540022,95.75012565119847
18.38,2.93811640540022,95.75012565119847
18.400000000000002,2.93811640540022,95.75012565119847
18.42,2.93811640540022,95.75012565119847
18.44,2.93811640540022,95.75012565119847
18.46,2.93811640540022,95.75012565119847
18.48,2.93811640540022,95.75012565119847
18.5,2.93811640540022,95.75012565119847
18.52,2.93811640540022,95.75012565119847
18.54,2.93811640540022,95.75012565119847
18.56,2.93811640540022,95.75012565119847
18.580000000000002,2.93811640540022,95.75012565119847
18.6,2.93811640540022,95.75012565119847
18.62,2.93811640540022,95.75012565119847
18.64,2.93811640540022,95.75012565119847
18.66,2.93811640540022,95.75012565119847
18.68,2.93811640540022,95.75012565119847
18.7,2.93811640540022,95.75012565119847
18.72,2.93811640540022,95.75012565119847
18.740000000000002,2.93811640540022,95.75012565119847
18.76,2.93811640540022,95.75012565119847
18.78,2.93811640540022,95.75012565119847
18.8,2.93811640540022,95.75012565119847
18.82,2.93811640540022,95.75012565119847
18.84,2.93811640540022,95.75012565119847
18.86,2.93811640540022,95.75012565119847
18.88,2.93811640540022,95.75012565119847
18.900000000000002,2.93811640540022,95.75012565119847
18.92,2.93811640540022,95.75012565119847
18.94,2.93811640540022,95.75012565119847
18.96,2.93811640540022,95.75012565119847
18.98,2.93811640540022,95.75012565119847
19,2.93811640540022,95.75012565119847
19.02,2.93811640540022,95.75012565119847
19.04,2.93811640540022,95.75012565119847
19.06,2.93811640540022,95.75012565119847
19.080000000000002,2.93811640540022,95.75012565119847
19.1,2.93811640540022,95.75012565119847
19.12,2.93811640540022,95.75012565119847
19.14,2.93811640540022,95.75012565119847
19.16,2.93811640540022,95.75012565119847
19.18,2.93811640540022,95.75012565119847
19.2,2.93811640540022,95.75012565119847
19.22,2.93811640540022,95.75012565119847
19.240000000000002,2.93811640540022,95.75012565119847
19.26,2.93811640540022,95.75012565119847
19.28,2.93811640540022,95.75012565119847
19.3,2.93811640540022,95.75012565119847
19.32,2.93811640540022,95.75012565119847
19.34,2.93811640540022,95.75012565119847
19.36,2.93811640540022,95.75012565119847
19.38,2.93811640540022,95.75012565119847
19.400000000000002,2.93811640540022,95.75012565119847
19.42,2.93811640540022,95.75012565119847
19.44,2.93811640540022,95.75012565119847
19.46,2.93811640540022,95.75012565119847
19.48,2.93811640540022,95.75012565119847
19.5,2.93811640540022,95.75012565119847
19.52,2.93811640540022,95.75012565119847
19.54,2.93811640540022,95.75012565119847
19.56,2.93811640540022,95.75012565119847
19.580000000000002,2.93811640540022,95.75012565119847
19.6,2.93811640540022,95.75012565119847
19.62,2.93811640540022,95.75012565119847
19.64,2.93811640540022,95.75012565119847
19.66,2.93811640540022,95.75012565119847
19.68,2.93811640540022,95.75012565119847
19.7,2.93811640540022,95.75012565119847
19.72,2.93811640540022,95.75012565119847
19.740000000000002,2.93811640540022,95.75012565119847
19.76,2.93811640540022,95.75012565119847
19.78,2.93811640540022,95.75012565119847
19.8,2.93811640540022,95.75012565119847
19.82,2.93811640540022,95.75012565119847
19.84,2.93811640540022,95.75012565119847
19.86,2.93811640540022,95.75012565119847
19.88,2.93811640540022,95.75012565119847
19.900000000000002,2.93811640540022,95.75012565119847
19.92,2.93811640540022,95.75012565119847
19.94,2.93811640540022,95.75012565119847
19.96,2.93811640540022,95.75012565119847
19.98,2.93811640540022,95.75012565119847
20,2.93811640540022,95.75012565119847
20.02,2.93811640540022,95.75012565119847
20.04,2.93811640540022,95.75012565119847
20.06,2.93811640540022,95.75012565119847
20.080000000000002,2.93811640540022,95.75012565119847
20.1,2.93811640540022,95.75012565119847
20.12,2.93811640540022,95.75012565119847
20.14,2.93811640540022,95.75012565119847
20.16,2.93811640540022,95.75012565119847
20.18,2.93811640540022,95.75012565119847
20.2,2.93811640540022,95.75012565119847
20.22,2.93811640540022,95.75012565119847
20.240000000000002,2.93811640540022,95.75012565119847
20.26,2.93811640540022,95.75012565119847
20.28,2.93811640540022,95.75012565119847
20.3,2.93811640540022,95.75012565119847
20.32,2.93811640540022,95.75012565119847
20.34,2.93811640540022,95.75012565119847
20.36,2.93811640540022,95.75012565119847
20.38,2.93811640540022,95.75012565119847
20.400000000000002,2.93811640540022,95.75012565119847
20.42,2.93811640540022,95.75012565119847
20.44,2.93811640540022,95.75012565119847
20.46,2.93811640540022,95.75012565119847
20.48,2.93811640540022,95.75012565119847
20.5,2.93811640540022,95.75012565119847
20.52,2.93811640540022,95.75012565119847
20.54,2.93811640540022,95.75012565119847
20.56,2.93811640540022,95.75012565119847
20.580000000000002,2.93811640540022,95.75012565119847
20.6,2.93811640540022,95.75012565119847
20.62,2.93811640540022,95.75012565119847
20.64,2.93811640540022,95.75012565119847
20.66,2.93811640540022,95.75012565119847
20.68,2.93811640540022,95.75012565119847
20.7,2.93811640540022,95.75012565119847
20.72,2.93811640540022,95.75012565119847
20.740000000000002,2.93811640540022,95.75012565119847
20.76,2.93811640540022,95.75012565119847
20.78,2.93811640540022,95.75012565119847
20.8,2.93811640540022,95.75012565119847
20.82,2.93811640540022,95.75012565119847
20.84,2.93811640540022,95.75012565119847
20.86,2.93811640540022,95.75012565119847
20.88,2.93811640540022,95.75012565119847
20.900000000000002,2.93811640540022,95.75012565119847
20.92,2.93811640540022,95.75012565119847
20.94,2.93811640540022,95.75012565119847
20.96,2.93811640540022,95.75012565119847
20.98,2.93811640540022,95.75012565119847
21,2.93811640540022,95.75012565119847
21.02,2.93811640540022,95.75012565119847
21.04,2.93811640540022,95.75012565119847
21.06,2.93811640540022,95.75012565119847
21.080000000000002,2.93811640540022,95.75012565119847
21.1,2.93811640540022,95.75012565119847
21.12,2.93811640540022,95.75012565119847
21.14,2.93811640540022,95.75012565119847
21.16,2.93811640540022,95.75012565119847
21.18,2.93811640540022,95.75012565119847
21.2,2.93811640540022,95.75012565119847
21.22,2.93811640540022,95.75012565119847
21.240000000000002,2.93811640540022,95.75012565119847
21.26,2.93811640540022,95.75012565119847
21.28,2.93811640540022,95.75012565119847
21.3,2.93811640540022,95.75012565119847
21.32,2.93811640540022,95.75012565119847
21.34,2.93811640540022,95.75012565119847
21.36,2.93811640540022,95.75012565119847
21.38,2.93811640540022,95.75012565119847
21.400000000000002,2.93811640540022,95.75012565119847
21.42,2.93811640540022,95.75012565119847
21.44,2.93811640540022,95.75012565119847
21.46,2.93811640540022,95.75012565119847
21.48,2.93811640540022,95.75012565119847
21.5,2.93811640540022,95.75012565119847
21.52,2.93811640540022,95.75012565119847
21.54,2.93811640540022,95.75012565119847
21.56,2.93811640540022,95.75012565119847
21.580000000000002,2.93811640540022,95.75012565119847
21.6,2.93811640540022,95.75012565119847
21.62,2.93811640540022,95.75012565119847
21.64,2.93811640540022,95.75012565119847
21.66,2.93811640540022,95.75012565119847
21.68,2.93811640540022,95.75012565119847
21.7,2.93811640540022,95.75012565119847
21.72,2.93811640540022,95.75012565119847
21.740000000000002,2.93811640540022,95.75012565119847
21.76,2.93811640540022,95.75012565119847
21.78,2.93811640540022,95.75012565119847
21.8,2.93811640540022,95.75012565119847
21.82,2.93811640540022,95.75012565119847
21.84,2.93811640540022,95.75012565119847
21.86,2.93811640540022,95.75012565119847
21.88,2.93811640540022,95.75012565119847
21.900000000000002,2.93811640540022,95.75012565119847
21.92,2.93811640540022,95.75012565119847
21.94,2.93811640540022,95.75012565119847
21.96,2.93811640540022,95.75012565119847
21.98,2.93811640540022,95.75012565119847
22,2.93811640540022,95.75012565119847
22.02,2.93811640540022,95.75012565119847
22.04,2.93811640540022,95.75012565119847
22.06,2.93811640540022,95.75012565119847
22.080000000000002,2.93811640540022,95.75012565119847
22.1,2.93811640540022,95.75012565119847
22.12,2.93811640540022,95.75012565119847
22.14,2.93811640540022,95.75012565119847
22.16,2.93811640540022,95.75012565119847
22.18,2.93811640540022,95.75012565119847
22.2,2.93811640540022,95.75012565119847
22.22,2.93811640540022,95.75012565119847
22.240000000000002,2.93811640540022,95.75012565119847
22.26,2.93811640540022,95.75012565119847
22.28,2.93811640540022,95.75012565119847
22.3,2.93811640540022,95.75012565119847
22.32,2.93811640540022,95.75012565119847
22.34,2.93811640540022,95.75012565119847
22.36,2.93811640540022,95.75012565119847
22.38,2.93811640540022,95.75012565119847
22.400000000000002,2.93811640540022,95.75012565119847
22.42,2.93811640540022,95.75012565119847
22.44,2.93811640540022,95.75012565119847
22.46,2.93811640540022,95.75012565119847
22.48,2.93811640540022,95.75012565119847
22.5,2.93811640540022,95.75012565119847
22.52,2.93811640540022,95.75012565119847
22.54,2.93811640540022,95.75012565119847
22.56,2.93811640540022,95.75012565119847
22.580000000000002,2.93811640540022,95.75012565119847
22.6,2.93811640540022,95.75012565119847
22.62,2.93811640540022,95.75012565119847
22.64,2.93811640540022,95.75012565119847
22.66,2.93811640540022,95.75012565119847
22.68,2.93811640540022,95.75012565119847
22.7,2.93811640540022,95.75012565119847
22.72,2.93811640540022,95.75012565119847
22.740000000000002,2.93811640540022,95.75012565119847
22.76,2.93811640540022,95.75012565119847
22.78,2.93811640540022,95.75012565119847
22.8,2.93811640540022,95.75012565119847
22.82,2.93811640540022,95.75012565119847
22.84,2.93811640540022,95.75012565119847
22.86,2.93811640540022,95.75012565119847
22.88,2.93811640540022,95.75012565119847
22.900000000000002,2.93811640540022,95.75012565119847
22.92,2.93811640540022,95.75012565119847
22.94,2.93811640540022,95.75012565119847
22.96,2.93811640540022,95.75012565119847
22.98,2.93811640540022,95.75012565119847
23,2.93811640540022,95.75012565119847
23.02,2.93811640540022,95.75012565119847
23.04,2.93811640540022,95.75012565119847
23.06,2.93811640540022,95.75012565119847
23.080000000000002,2.93811640540022,95.75012565119847
23.1,2.93811640540022,95.75012565119847
23.12,2.93811640540022,95.75012565119847
23.14,2.93811640540022,95.75012565119847
23.16,2.93811640540022,95.75012565119847
23.18,2.93811640540022,95.75012565119847
23.2,2.93811640540022,95.75012565119847
23.22,2.93811640540022,95.75012565119847
23.240000000000002,2.93811640540022,95.75012565119847
23.26,2.93811640540022,95.75012565119847
23.28,2.93811640540022,95.75012565119847
23.3,2.93811640540022,95.75012565119847
23.32,2.93811640540022,95.75012565119847
23.34,2.93811640540022,95.75012565119847
23.36,2.93811640540022,95.75012565119847
23.38,2.93811640540022,95.75012565119847
23.400000000000002,2.93811640540022,95.75012565119847
23.42,2.93811640540022,95.75012565119847
23.44,2.93811640540022,95.75012565119847
23.46,2.93811640540022,95.75012565119847
23.48,2.93811640540022,95.75012565119847
23.5,2.93811640540022,95.75012565119847
23.52,2.93811640540022,95.75012565119847
23.54,2.93811640540022,95.75012565119847
23.56,2.93811640540022,95.75012565119847
23.580000000000002,2.93811640540022,95.75012565119847
23.6,2.93811640540022,95.75012565119847
23.62,2.93811640540022,95.75012565119847
23.64,2.93811640540022,95.75012565119847
23.66,2.93811640540022,95.75012565119847
23.68,2.93811640540022,95.75012565119847
23.7,2.93811640540022,95.75012565119847
23.72,2.93811640540022,95.75012565119847
23.740000000000002,2.93811640540022,95.75012565119847
23.76,2.93811640540022,95.75012565119847
23.78,2.93811640540022,95.75012565119847
23.8,2.93811640540022,95.75012565119847
23.82,2.93811640540022,95.75012565119847
23.84,2.93811640540022,95.75012565119847
23.86,2.93811640540022,95.75012565119847
23.88,2.93811640540022,95.75012565119847
23.900000000000002,2.93811640540022,95.75012565119847
23.92,2.93811640540022,95.75012565119847
23.94,2.93811640540022,95.75012565119847
23.96,2.93811640540022,95.75012565119847
23.98,2.93811640540022,95.75012565119847
24,2.93811640540022,95.75012565119847
24.02,2.93811640540022,95.75012565119847
24.04,2.93811640540022,95.75012565119847
24.060000000000002,2.93811640540022,95.75012565119847
24.080000000000002,2.93811640540022,95.75012565119847
24.1,2.93811640540022,95.75012565119847
24.12,2.93811640540022,95.75012565119847
24.14,2.93811640540022,95.75012565119847
24.16,2.93811640540022,95.75012565119847
24.18,2.93811640540022,95.75012565119847
24.2,2.93811640540022,95.75012565119847
24.22,2.93811640540022,95.75012565119847
24.240000000000002,2.93811640540022,95.75012565119847
24.26,2.93811640540022,95.75012565119847
24.28,2.93811640540022,95.75012565119847
24.3,2.93811640540022,95.75012565119847
24.32,2.93811640540022,95.75012565119847
24.34,2.93811640540022,95.75012565119847
24.36,2.93811640540022,95.75012565119847
24.38,2.93811640540022,95.75012565119847
24.400000000000002,2.93811640540022,95.75012565119847
24.42,2.93811640540022,95.75012565119847
24.44,2.93811640540022,95.75012565119847
24.46,2.93811640540022,95.75012565119847
24.48,2.93811640540022,95.75012565119847
24.5,2.93811640540022,95.75012565119847
24.52,2.93811640540022,95.75012565119847
24.54,2.93811640540022,95.75012565119847
24.560000000000002,2.93811640540022,95.75012565119847
24.580000000000002,2.93811640540022,95.75012565119847
24.6,2.93811640540022,95.75012565119847
24.62,2.93811640540022,95.75012565119847
24.64,2.93811640540022,95.75012565119847
24.66,2.93811640540022,95.75012565119847
24.68,2.93811640540022,95.75012565119847
24.7,2.93811640540022,95.75012565119847
24.72,2.93811640540022,95.75012565119847
24.740000000000002,2.93811640540022,95.75012565119847
24.76,2.93811640540022,95.75012565119847
24.78,2.93811640540022,95.75012565119847
24.8,2.93811640540022,95.75012565119847
24.82,2.93811640540022,95.75012565119847
24.84,2.93811640540022,95.75012565119847
24.86,2.93811640540022,95.75012565119847
24.88,2.93811640540022,95.75012565119847
24.900000000000002,2.93811640540022,95.75012565119847
24.92,2.93811640540022,95.75012565119847
24.94,2.93811640540022,95.75012565119847
24.96,2.93811640540022,95.75012565119847
24.98,2.93811640540022,95.75012565119847
25,2.93811640540022,95.75012565119847
25.02,2.93811640540022,95.75012565119847
25.04,2.93811640540022,95.75012565119847
25.060000000000002,2.93811640540022,95.75012565119847
25.080000000000002,2.93811640540022,95.75012565119847
25.1,2.93811640540022,95.75012565119847
25.12,2.93811640540022,95.75012565119847
25.14,2.93811640540022,95.75012565119847
25.16,2.93811640540022,95.75012565119847
25.18,2.93811640540022,95.75012565119847
25.2,2.93811640540022,95.75012565119847
25.22,2.93811640540022,95.75012565119847
25.240000000000002,2.93811640540022,95.75012565119847
25.26,2.93811640540022,95.75012565119847
25.28,2.93811640540022,95.75012565119847
25.3,2.93811640540022,95.75012565119847
25.32,2.93811640540022,95.75012565119847
25.34,2.93811640540022,95.75012565119847
25.36,2.93811640540022,95.75012565119847
25.38,2.93811640540022,95.75012565119847
25.400000000000002,2.93811640540022,95.75012565119847
25.42,2.93811640540022,95.75012565119847
25.44,2.93811640540022,95.75012565119847
25.46,2.93811640540022,95.75012565119847
25.48,2.93811640540022,95.75012565119847
25.5,2.93811640540022,95.75012565119847
25.52,2.93811640540022,95.75012565119847
25.54,2.93811640540022,95.75012565119847
25.560000000000002,2.93811640540022,95.75012565119847
25.580000000000002,2.93811640540022,95.75012565119847
25.6,2.93811640540022,95.75012565119847
25.62,2.93811640540022,95.75012565119847
25.64,2.93811640540022,95.75012565119847
25.66,2.93811640540022,95.75012565119847
25.68,2.93811640540022,95.75012565119847
25.7,2.93811640540022,95.75012565119847
25.72,2.93811640540022,95.75012565119847
25.740000000000002,2.93811640540022,95.75012565119847
25.76,2.93811640540022,95.75012565119847
25.78,2.93811640540022,95.75012565119847
25.8,2.93811640540022,95.75012565119847
25.82,2.93811640540022,95.75012565119847
25.84,2.93811640540022,95.75012565119847
25.86,2.93811640540022,95.75012565119847
25.88,2.93811640540022,95.75012565119847
25.900000000000002,2.93811640540022,95.75012565119847
25.92,2.93811640540022,95.75012565119847
25.94,2.93811640540022,95.75012565119847
25.96,2.93811640540022,95.75012565119847
25.98,2.93811640540022,95.75012565119847
26,2.93811640540022,95.75012565119847
26.02,2.93811640540022,95.75012565119847
26.04,2.93811640540022,95.75012565119847
26.060000000000002,2.93811640540022,95.75012565119847
26.080000000000002,2.93811640540022,95.75012565119847
26.1,2.93811640540022,95.75012565119847
26.12,2.93811640540022,95.75012565119847
26.14,2.93811640540022,95.75012565119847
26.16,2.93811640540022,95.75012565119847
26.18,2.93811640540022,95.75012565119847
26.2,2.93811640540022,95.75012565119847
26.22,2.93811640540022,95.75012565119847
26.240000000000002,2.93811640540022,95.75012565119847
26.26,2.93811640540022,95.75012565119847
26.28,2.93811640540022,95.75012565119847
26.3,2.93811640540022,95.75012565119847
26.32,2.93811640540022,95.75012565119847
26.34,2.93811640540022,95.75012565119847
26.36,2.93811640540022,95.75012565119847
26.38,2.93811640540022,95.75012565119847
26.400000000000002,2.93811640540022,95.75012565119847
26.42,2.93811640540022,95.75012565119847
26.44,2.93811640540022,95.75012565119847
26.46,2.93811640540022,95.75012565119847
26.48,2.93811640540022,95.75012565119847
26.5,2.93811640540022,95.75012565119847
26.52,2.93811640540022,95.75012565119847
26.54,2.93811640540022,95.75012565119847
26.560000000000002,2.93811640540022,95.75012565119847
26.580000000000002,2.93811640540022,95.75012565119847
26.6,2.93811640540022,95.75012565119847
26.62,2.93811640540022,95.75012565119847
26.64,2.93811640540022,95.75012565119847
26.66,2.93811640540022,95.75012565119847
26.68,2.93811640540022,95.75012565119847
26.7,2.93811640540022,95.75012565119847
26.72,2.93811640540022,95.75012565119847
26.740000000000002,2.93811640540022,95.75012565119847
26.76,2.93811640540022,95.75012565119847
26.78,2.93811640540022,95.75012565119847
26.8,2.93811640540022,95.75012565119847
26.82,2.93811640540022,95.75012565119847
26.84,2.93811640540022,95.75012565119847
26.86,2.93811640540022,95.75012565119847
26.88,2.93811640540022,95.75012565119847
26.900000000000002,2.93811640540022,95.75012565119847
26.92,2.93811640540022,95.75012565119847
26.94,2.93811640540022,95.75012565119847
26.96,2.93811640540022,95.75012565119847
26.98,2.93811640540022,95.75012565119847
27,2.93811640540022,95.75012565119847
27.02,2.93811640540022,95.75012565119847
27.04,2.93811640540022,95.75012565119847
27.060000000000002,2.93811640540022,95.75012565119847
27.080000000000002,2.93811640540022,95.75012565119847
27.1,2.93811640540022,95.75012565119847
27.12,2.93811640540022,95.75012565119847
27.14,2.93811640540022,95.75012565119847
27.16,2.93811640540022,95.75012565119847
27.18,2.93811640540022,95.75012565119847
27.2,2.93811640540022,95.75012565119847
27.22,2.93811640540022,95.75012565119847
27.240000000000002,2.93811640540022,95.75012565119847
27.26,2.93811640540022,95.75012565119847
27.28,2.93811640540022,95.75012565119847
27.3,2.93811640540022,95.75012565119847
27.32,2.93811640540022,95.75012565119847
27.34,2.93811640540022,95.75012565119847
27.36,2.93811640540022,95.75012565119847
27.38,2.93811640540022,95.75012565119847
27.400000000000002,2.93811640540022,95.75012565119847
27.42,2.93811640540022,95.75012565119847
27.44,2.93811640540022,95.75012565119847
27.46,2.93811640540022,95.75012565119847
27.48,2.93811640540022,95.75012565119847
27.5,2.93811640540022,95.75012565119847
27.52,2.93811640540022,95.75012565119847
27.54,2.93811640540022,95.75012565119847
27.560000000000002,2.93811640540022,95.75012565119847
27.580000000000002,2.93811640540022,95.75012565119847
27.6,2.93811640540022,95.75012565119847
27.62,2.93811640540022,95.75012565119847
27.64,2.93811640540022,95.75012565119847
27.66,2.93811640540022,95.75012565119847
27.68,2.93811640540022,95.75012565119847
27.7,2.93811640540022,95.75012565119847
27.72,2.93811640540022,95.75012565119847
27.740000000000002,2.93811640540022,95.75012565119847
27.76,2.93811640540022,95.75012565119847
27.78,2.93811640540022,95.75012565119847
27.8,2.93811640540022,95.75012565119847
27.82,2.93811640540022,95.75012565119847
27.84,2.93811640540022,95.75012565119847
27.86,2.93811640540022,95.75012565119847
27.88,2.93811640540022,95.75012565119847
27.900000000000002,2.93811640540022,95.75012565119847
27.92,2.93811640540022,95.75012565119847
27.94,2.93811640540022,95.75012565119847
27.96,2.93811640540022,95.75012565119847
27.98,2.93811640540022,95.75012565119847
28,2.93811640540022,95.75012565119847
28.02,2.93811640540022,95.75012565119847
28.04,2.93811640540022,95.75012565119847
28.060000000000002,2.93811640540022,95.75012565119847
28.080000000000002,2.93811640540022,95.75012565119847
28.1,2.93811640540022,95.75012565119847
28.12,2.93811640540022,95.75012565119847
28.14,2.93811640540022,95.75012565119847
28.16,2.93811640540022,95.75012565119847
28.18,2.93811640540022,95.75012565119847
28.2,2.93811640540022,95.75012565119847
28.22,2.93811640540022,95.75012565119847
28.240000000000002,2.93811640540022,95.75012565119847
28.26,2.93811640540022,95.75012565119847
28.28,2.93811640540022,95.75012565119847
28.3,2.93811640540022,95.75012565119847
28.32,2.93811640540022,95.75012565119847
28.34,2.93811640540022,95.75012565119847
28.36,2.93811640540022,95.75012565119847
28.38,2.93811640540022,95.75012565119847
28.400000000000002,2.93811640540022,95.75012565119847
28.42,2.93811640540022,95.75012565119847
28.44,2.93811640540022,95.75012565119847
28.46,2.93811640540022,95.75012565119847
28.48,2.93811640540022,95.75012565119847
28.5,2.93811640540022,95.75012565119847
28.52,2.93811640540022,95.75012565119847
28.54,2.93811640540022,95.75012565119847
28.560000000000002,2.93811640540022,95.75012565119847
28.580000000000002,2.93811640540022,95.75012565119847
28.6,2.93811640540022,95.75012565119847
28.62,2.93811640540022,95.75012565119847
28.64,2.93811640540022,95.75012565119847
28.66,2.93811640540022,95.75012565119847
28.68,2.93811640540022,95.75012565119847
28.7,2.93811640540022,95.75012565119847
28.72,2.93811640540022,95.75012565119847
28.740000000000002,2.93811640540022,95.75012565119847
28.76,2.93811640540022,95.75012565119847
28.78,2.93811640540022,95.75012565119847
28.8,2.93811640540022,95.75012565119847
28.82,2.93811640540022,95.75012565119847
28.84,2.93811640540022,95.75012565119847
28.86,2.93811640540022,95.75012565119847
28.88,2.93811640540022,95.75012565119847
28.900000000000002,2.93811640540022,95.75012565119847
28.92,2.93811640540022,95.75012565119847
28.94,2.93811640540022,95.75012565119847
28.96,2.93811640540022,95.75012565119847
28.98,2.93811640540022,95.75012565119847
29,2.93811640540022,95.75012565119847
29.02,2.93811640540022,95.75012565119847
29.04,2.93811640540022,95.75012565119847
29.060000000000002,2.93811640540022,95.75012565119847
29.080000000000002,2.93811640540022,95.75012565119847
29.1,2.93811640540022,95.75012565119847
29.12,2.93811640540022,95.75012565119847
29.14,2.93811640540022,95.75012565119847
29.16,2.93811640540022,95.75012565119847
29.18,2.93811640540022,95.75012565119847
29.2,2.93811640540022,95.75012565119847
29.22,2.93811640540022,95.75012565119847
29.240000000000002,2.93811640540022,95.75012565119847
29.26,2.93811640540022,95.75012565119847
29.28,2.93811640540022,95.75012565119847
29.3,2.93811640540022,95.75012565119847
29.32,2.93811640540022,95.75012565119847
29.34,2.93811640540022,95.75012565119847
29.36,2.93811640540022,95.75012565119847
29.38,2.93811640540022,95.75012565119847
29.400000000000002,2.93811640540022,95.75012565119847
29.42,2.93811640540022,95.75012565119847
29.44,2.93811640540022,95.75012565119847
29.46,2.93811640540022,95.75012565119847
29.48,2.93811640540022,95.75012565119847
29.5,2.93811640540022,95.75012565119847
29.52,2.93811640540022,95.75012565119847
29.54,2.93811640540022,95.75012565119847
29.560000000000002,2.93811640540022,95.75012565119847
29.580000000000002,2.93811640540022,95.75012565119847
29.6,2.93811640540022,95.75012565119847
29.62,2.93811640540022,95.75012565119847
29.64,2.93811640540022,95.75012565119847
29.66,2.93811640540022,95.75012565119847
29.68,2.93811640540022,95.75012565119847
29.7,2.93811640540022,95.75012565119847
29.72,2.93811640540022,95.75012565119847
29.740000000000002,2.93811640540022,95.75012565119847
29.76,2.93811640540022,95.75012565119847
29.78,2.93811640540022,95.75012565119847
29.8,2.93811640540022,95.75012565119847
29.82,2.93811640540022,95.75012565119847
29.84,2.93811640540022,95.75012565119847
29.86,2.93811640540022,95.75012565119847
29.88,2.93811640540022,95.75012565119847
29.900000000000002,2.93811640540022,95.75012565119847
29.92,2.93811640540022,95.75012565119847
29.94,2.93811640540022,95.75012565119847
29.96,2.93811640540022,95.75012565119847
29.98,2.93811640540022,95.75012565119847
