time,measurement_velocity,position_derivative,kalman_velocity
0.0,-32.63386832612696,344.1511108502019,20.21156675764051
0.02,0.0,216.98669487506538,20.51460581350733
0.04,0.0,147.27220647517908,20.8586502001498
0.06,0.0,103.74507823387553,21.200882288747568
0.08,32.63386832612696,83.4892962547288,21.5099674647141
0.1,-37.211747789274696,50.22124059282174,21.808843921538156
0.12,-4.557279780545542,35.24752143906653,21.976889771395392
0.14,4.557279780545542,26.873729451652295,22.069855068496096
0.16,37.211747789274696,29.7639207068201,22.10869187072762
0.18,0.0,21.59898550620767,22.178701493358005
0.2,-18.775225595130607,10.39678946089353,22.172797969964947
0.22,4.661690853956557,8.67646794645438,22.040956217908228
0.24,38.07325278335867,16.71897459779217,21.87817610606286
0.26,-19.21189293266501,6.615216369301535,21.810412047562828
0.28,0.0,4.570051238994566,21.596794100408577
0.3,0.0,3.0621459650543414,21.34224164604738
0.32,-14.1783565181548,-2.041811627017154,21.053238269909933
0.34,14.1783565181548,2.206608626767448,20.669014070633516
0.36,24.070784763664577,8.117984530803213,20.347199869448634
0.38,4.8815724948681805,7.015952326093,20.12472354928346
0.4,-52.475407963182974,-10.078718920723162,19.876691012186907
0.42,72.2317106221837,12.857805369424469,19.289029179922668
0.44,61.56803964878996,26.634432180567913,19.158584624751978
0.46,0.0,19.15556538213501,19.31495742785577
0.48,5.292772048175465,15.188703776577128,19.31152719091591
0.5,-5.292772048175465,9.251125361619117,19.220434102027244
0.52,-10.508922605660942,3.407246625801008,18.994727651055662
0.54,5.241752826802326,3.6546948651484,18.633760046959793
0.56,15.878503267730792,6.898106598523768,18.27953567746251
0.58,26.986326625385715,12.473622234526616,18.00510240733494
0.6,-5.450380021299495,7.201825242240645,17.869294929415272
0.62,10.927711357058811,8.075751451099578,17.602959588539758
0.64,-21.748409247028988,-0.7254232440939035,17.361356110028726
0.66,0.0,-0.864793328425506,16.895992198469525
0.68,-5.370708929701706,-2.515758196684459,16.4328154661739
0.7,5.370708929701706,-0.6025745787649583,15.932428712169944
0.72,0.0,-0.7555616011558186,15.490655190685125
0.74,10.820697889970177,2.2807096837940577,15.051859296065416
0.76,10.927711357058811,4.536084821406661,14.703418292815925
0.78,5.50448305102762,4.611780340602323,14.423396007779795
0.8,11.091232834663245,6.2970328103656215,14.15079269742532
0.82,0.0,4.302933374937368,13.930798129023236
0.84,16.845613000096193,7.758258276379948,13.65905090786792
0.86,5.671715055207827,7.028001516501092,13.491317201846533
0.88,-28.07672373111032,-3.3431732172594764,13.306377542946537
0.9,51.051882547126226,12.178950760026552,12.827034585588422
0.92,-11.545676538281313,5.240540490720491,12.808268997598143
0.94,11.545676538281313,6.922477375062996,12.587969095586102
0.96,11.663651730439994,8.187892260603036,12.422221808312049
0.98,-5.846685490545056,3.9968053453286245,12.297768431084764
1.0,5.846685490545056,4.361269964189063,12.05273408176982
1.02,5.876633080809768,4.640582105973223,11.824775164895682
1.04,0.0,3.129668035769484,11.611049837582446
1.06,23.810657736830976,8.999577603945141,11.357849369186034
1.08,-29.687290817640744,-2.3742582070784835,11.287216206803501
1.1,11.783444436683865,1.4768785414549512,10.876791665140438
1.12,0.0,0.8419090208736435,10.593593054864739
1.14,0.0,0.3848660723665631,10.299018590611725
1.16,-11.783444436683865,-3.3942548400055728,9.99879721910586
1.18,0.0,-2.689667264708717,9.592294257367318
1.2,35.71717009183857,8.299812818879104,9.218715159595499
1.22,62.06538482165804,24.03945484127874,9.190709101623732
1.24,-12.676162613785635,13.598613326213282,9.644109149028857
1.26,12.676162613785635,13.414220285892497,9.765068192432796
1.28,-25.218702461545206,2.1647683651949023,9.87686820094556
1.3,-24.692574555637137,-5.880288295829317,9.640233416640308
1.32,-6.092860580406523,-6.281514687759682,9.163337016214962
1.34,12.21758249022109,-1.192289812302505,8.68814189529841
1.36,0.0,-1.0585958979817178,8.383775879808457
1.38,37.43163785058776,10.028197329657118,8.092571802355177
1.4,19.16684941026361,12.752226779094045,8.15233039341689
1.42,0.0,9.110745844512635,8.294484204445332
1.44,32.63833090977997,16.033678168514598,8.3197330891961
1.46,-19.68843620878218,5.718236119124143,8.558549726746985
1.48,-12.949894700997788,0.17623700968130152,8.470545352860322
1.5,12.949894700997788,3.743688589613825,8.213361039810382
1.52,19.68843620878218,8.326267510823726,8.07467129950573
1.54,33.53631765666272,15.733010836083139,8.082483197405782
1.56,-46.69737229540765,-2.4280670724458275,8.320171902883063
1.58,19.795306225722342,3.8604275355513806,7.986052783947543
1.6,61.373947211025026,20.65700465497322,7.857735839001136
1.62,-6.9710952388451375,12.826238216982588,8.256020978936577
1.64,28.119717895456375,17.417838064598357,8.398301690162551
1.66,-7.089093810676772,10.419889056710474,8.679220064635299
1.68,43.141399899411326,20.067592545191104,8.733455894820978
1.7,52.23668478702166,29.764900176757436,9.08673746088023
1.72,-7.592367138014211,19.24951877012795,9.731494320426288
1.74,15.22907429420215,18.278677610591387,10.028368293050066
1.76,62.737623643600315,31.51849913893372,10.285779414681505
1.78,24.30737211986269,29.869049553758842,10.948431538954846
1.8,49.959091109113274,36.18746354347735,11.539081118837636
1.82,17.06490127542466,31.11479947289979,12.308725138261844
1.84,17.277242959435668,27.46548923846852,12.896078309673511
1.86,0.0,19.719597678800227,13.351209021015688
1.88,62.20103514186448,32.33878499808078,13.55018947918258
1.9,18.28361360049051,28.625123503385907,14.137348936164718
1.92,104.89634836742958,51.349850084253035,14.590182753959315
1.94,0.0,37.07770753890358,15.739339035458698
1.96,70.83269182692469,47.46497377234604,16.40650571166886
1.98,20.860699620870804,40.33593979740644,17.37771842580663
2.0,86.37616193607194,54.368299536441,18.095727016052344
2.02,0.0,39.198254587104486,19.23027531160232
2.04,56.49638508002752,44.72128326392024,19.854913298214274
2.06,0.0,32.13297491318592,20.632865594065432
2.08,-11.460429837566721,19.58046999818137,20.99268594942971
2.1,70.01526224284973,34.36592649833301,20.94849583282677
2.12,-47.012089977799576,10.755237830333897,21.368381410882712
2.14,0.0,7.360882730102958,21.03622650454862
2.16,0.0,4.895999590561928,20.608203058096716
2.18,95.41475564118542,31.14180027208633,20.116393600405768
2.2,37.25209603940911,33.18073240787918,20.461523687968217
2.22,12.603769475574467,27.416688316542448,20.859699438213013
2.24,51.37550718941242,34.6005879293493,21.06497813584963
2.26,-12.990128448539906,20.918113684168915,21.488758004080587
2.28,93.05825980674669,42.099845046144324,21.470891091987685
2.3,0.0,30.1873451902523,22.116814861487942
2.32,27.528463967994554,29.584671333341106,22.36952626604697
2.34,-68.02542048888469,1.0666585338150014,22.59546218659648
2.36,95.99004601824248,28.478819325687255,21.92128137811226
2.38,14.14912555387744,24.41380974137246,22.126639781183442
2.4,14.26211014020069,21.481829569554378,22.19826801783005
2.42,-163.97245654963726,-33.02065209699947,22.17583033998036
2.44,-12.990128448539906,-28.356601771033496,20.447117972644687
2.46,26.079622540562042,-13.442675416015959,18.918581711383084
2.48,122.47172676353699,25.77351452730099,17.904999647975956
2.5,42.787689164193665,30.946399521547363,18.151453887105724
2.52,58.67719701760663,39.37686366388391,18.552220269495173
2.54,30.061636169105554,37.10068602260819,19.204507839157884
2.56,0.0,26.596218272126038,19.76507793887494
2.58,0.0,18.933224340827337,19.97905656771973
2.6,-74.24665576854963,-8.466710622019491,19.946296388915876
2.62,14.60930430086691,-2.3154082446517066,19.056259479425616
2.64,59.63735146768272,15.41391818978397,18.38678293687086
2.66,0.0,10.819432027349052,18.29365546313165
2.68,-15.092303589172218,3.0410196994807848,18.059516288976194
2.7,15.092303589172218,6.2495153183824925,17.589038157772432
2.72,-30.061636169105554,-4.669859197911563,17.233805895515665
2.74,0.0,-3.7824111465418753,16.547624814111042
2.76,60.62126771862921,14.690145153632272,15.910735249631525
2.78,31.070104829159106,19.475713210555057,15.872496860129738
2.8,-61.629736378682765,-4.27406143562834,15.98537857586949
2.82,0.0,-3.4665318854052884,15.35068518773923
2.84,30.559631549523658,6.114344648373304,14.761170016063895
2.86,31.070104829159106,13.255271951835823,14.490276176765468
2.88,0.0,9.333423338428304,14.451584857283413
2.9,0.0,6.477935517975197,14.291237590099094
2.92,-76.72203996785498,-18.139897428172702,14.04645275912501
2.94,-14.969332579933337,-17.920475270939562,13.038073801893404
2.96,-14.847858411090442,-17.702667966132424,12.06815662377017
2.98,90.93957329953852,13.558839470239548,11.135446283248456
3.0,-15.470447169818868,5.083356395444838,11.211370716576749
3.02,15.470447169818868,7.999607271709408,11.019380508516702
3.04,-46.03007871934253,-7.94168968918072,10.924770918444423
3.06,46.03007871934253,7.498355735892659,10.33368218571509
3.08,-61.122382308514744,-12.725874489351696,10.244850758368496
3.1,15.092303589172218,-5.06083404349198,9.525170627697738
3.12,0.0,-3.89662837879996,9.068185249217594
3.14,-74.24665576854963,-24.853076306416,8.661991432420072
3.16,44.185019599444075,-5.3104739009292246,7.611945896565931
3.18,14.969332579933337,0.36203851550311583,7.207078494664007
3.2,15.092303589172218,4.538501077220758,6.992618729855263
3.22,0.0,3.1507408395711423,6.915729408433233
3.24,-15.092303589172218,-2.292569395063282,6.7977693257281215
3.26,15.092303589172218,2.6141691091098096,6.512961328964356
3.28,0.0,1.7598338445331763,6.390808687438657
3.3,61.629736378682765,19.24781467489254,6.245715905188899
3.32,15.730493702726989,18.502067031859326,6.653084383755138
3.34,31.860135241216625,22.68898442479994,7.024325062859541
3.36,220.99201122766132,81.29923364341991,7.515115338299457
3.38,0.0,59.045132461262284,9.826851948346421
3.4,92.00020733166312,69.81669772025398,11.368915704286255
3.42,-18.735409074058396,45.09229006036506,13.200151767264874
3.44,95.42425299006894,60.58603013022861,14.199369915517696
3.46,0.0,43.811508931560184,15.652719636417876
3.48,0.0,31.5622256186316,16.53496895781801
3.5,19.621290580599293,28.386333409792286,17.005791627036352
3.52,-19.621290580599293,14.532949858136845,17.362358411201985
3.54,99.97995442665939,39.575652847369014,17.273709404257037
3.56,41.34136141245435,40.58788784861065,17.97245835933525
3.58,42.146211544206125,41.546127153555545,18.681029618798693
3.6,-124.04692105845001,-6.601098610271805,19.39742366412514
3.62,167.02171748886627,43.83603713350226,18.582854858594214
3.64,0.0,31.51525491100884,19.37407149802349
3.66,21.805791101436967,28.931137329911394,19.754471485307157
3.68,-64.78058753185323,1.600596167152446,20.041989165093884
3.7,-103.86360527897054,-29.794033266303188,19.464194519597683
3.72,-20.18331577947947,-28.060176760020994,17.920864816416813
3.74,40.55934810178954,-8.916341541459616,16.480213536166367
3.76,-80.3586638460601,-30.468842347963943,15.68450320089142
3.78,-77.4024150324955,-45.279653229501804,14.23845259655863
3.8,-56.2085719941912,-49.8075889889499,12.373664395356847
3.82,-54.69935480158625,-52.62066431376482,10.42543548524031
3.84,-70.68801383690158,-59.3240142606966,8.450109256041829
3.86,35.03048057849654,-33.10113790726703,6.326646723312122
3.88,-86.43618896544467,-49.64396993409537,5.091316264345091
3.9,-98.89828900381161,-65.32652886473755,3.3763789763537666
3.92,-15.997152559008754,-52.3531033543037,1.223815139560323
3.94,64.81087046411176,-19.114410266534065,-0.4548293080293475
3.96,-64.81087046411176,-32.9534208178508,-1.039461782142789
3.98,15.997152559008754,-19.277301483197107,-2.039373802689051
4.0,-47.590628943943614,-27.977490985389863,-2.5794638994723966
4.02,-61.629736378682765,-38.42686659571157,-3.37522222611978
4.04,-15.092303589172218,-32.3464523363441,-4.473442996179545
4.06,-59.15435217937741,-40.839641400944515,-5.346746414522075
4.08,-43.13074102847878,-42.29810735267421,-6.458792445680998
4.1,57.74004532934569,-13.698715885459478,-7.58169243421146
4.12,0.0,-9.809219108121425,-7.773348054277506
4.14,0.0,-6.9722022164100395,-7.837134986250519
4.16,59.63735146768272,12.617595831956407,-7.810035327092045
4.18,-59.63735146768272,-8.159766070163954,-7.170006532238888
4.2,-14.60930430086691,-10.0766147223041,-7.201017207840973
4.22,14.60930430086691,-2.8872302266080396,-7.29111406811734
4.24,-99.85379641258092,-31.279694097639776,-7.153133656616016
4.26,27.96462552935779,-14.406847871148898,-7.909055707149295
4.28,0.0,-10.317718437145373,-8.112641486275182
4.3,-14.03747826811852,-11.459416580380832,-8.181729926967012
4.32,85.92664915134165,17.081219772297374,-8.284424877831977
4.34,44.5450478785105,25.71165126775199,-7.489680289727185
4.36,15.092303589172218,23.326175091987977,-6.44943156489388
4.38,0.0,17.13148777595208,-5.516516033506616
4.4,109.22036532262638,44.68938003304004,-4.806919235056515
4.42,48.813717905103005,46.99631215246782,-3.256123995256974
4.44,0.0,34.30013298996499,-1.6816377812561338
4.46,16.55122136765783,29.8814279506999,-0.5542734625339085
4.48,-32.961257551203005,12.090935425015914,0.3993239799492353
4.5,49.65549402356686,23.386527999224427,0.7656401972771201
4.52,16.839113258686922,21.96333052797641,1.4743875122326113
4.54,16.98588417972715,20.9542366855203,2.1163377198794637
4.56,141.40941258665265,56.76217563212873,2.7065581795350218
4.58,0.0,41.2808211817854,4.400204162011519
4.6,-18.232378084108092,24.611170359552403,5.555730872145551
4.62,170.24114536985095,67.82057165591056,6.152767239579104
4.64,19.805995306177238,55.0777906859615,8.08491487905102
4.66,-19.805995306177238,34.11582616975295,9.557274338658216
4.68,0.0,24.635581347691726,10.326731748937878
4.7,-19.621290580599293,11.948994614827768,10.77505014126597
4.72,-19.439157613958713,2.752764892379389,10.811831637969798
4.74,19.439157613958713,7.477106547582224,10.559328605339713
4.76,0.0,5.212048460673913,10.462757817655907
4.78,79.60392210434932,26.95306961890722,10.29824496519762
4.8,-59.98263152375003,1.7788531191776258,10.820066407883225
4.82,-19.621290580599293,-4.708803819395513,10.536791195237358
4.84,19.621290580599293,2.1023374101822867,10.059123092482947
4.86,80.3586638460601,24.91890524555842,9.809824672797875
4.88,0.0,17.93174401677078,10.283215572305025
4.9,62.31239905091499,31.14052815238537,10.522855817930958
4.92,21.17517390574548,28.668777212718055,11.168839437268574
4.94,42.97479643041626,33.25925536886842,11.717139604799288
4.96,-85.12100797462239,-1.0456034910454548,12.392087475204734
4.98,0.0,-1.0357150454431974,11.971063791321791
5.0,20.971037638460643,5.142337354934057,11.56354125074741
5.02,85.95576143759871,28.74418655644746,11.36235497955449
5.04,-85.95576143759871,-4.57140320618592,11.90695470722318
5.06,0.0,-3.5928714932964567,11.39066220836245
5.08,21.17517390574548,3.352743220094112,10.921204868050605
5.1,86.80285500590301,27.70389778415563,10.684073230365344
5.12,-86.80285500590301,-5.562938767283043,11.21733072275082
5.14,21.38230540589916,1.982607757108923,10.691578860720357
5.16,21.592491024517102,7.55152522523872,10.418713291622705
5.18,66.0700420976184,24.68150729164904,10.32887984336382
5.2,138.25575648535064,58.368509593905316,10.778569918737718
5.22,-93.09935611544589,14.918461468376876,12.269636531751948
5.24,0.0,10.593851677401034,12.352628324978667
5.26,93.09935611544589,34.79601459421531,12.29752312490575
5.28,0.0,25.07034157778989,13.002435756779793
5.3,97.00983754753523,46.4740170777965,13.380541963429748
5.32,24.892497132827884,40.86534076772281,14.417411867907274
5.34,76.2794869975913,51.85561541564425,15.246066502965293
5.36,187.90324043602524,92.63801329171315,16.393100455662083
5.38,-27.735810812041706,58.957775768713816,18.781971841101534
5.4,0.0,42.524223873084566,20.04074209750054
5.42,27.735810812041706,38.67668497186969,20.745184457761848
5.44,173.13051246227147,78.57753652987611,21.307006184555636
5.46,-29.682062732950243,48.03677252380467,23.10138074078335
5.48,29.682062732950243,43.19566503463719,23.882645246751878
5.5,91.1357242698898,57.708331903958765,24.48775211672327
5.52,-91.1357242698898,14.71125338759407,25.528604416720103
5.54,-29.682062732950243,1.428635899425501,25.189680027767967
5.56,59.70834281765107,18.02615587484908,24.445209653763598
5.58,-30.02628008470083,3.7657630065119463,24.24409074063314
5.6,60.40280017972748,19.953280797788153,23.60247296324832
5.62,0.0,14.01003269390202,23.488138111405306
5.64,-30.37652009502665,0.759034465739461,23.19117436437105
5.66,61.10944418518898,17.994354334783225,22.48834061992687
5.68,159.23685078771754,59.39361007704491,22.347537057553495
5.7,-189.96977487787987,-13.05257456087503,23.508247999652493
5.72,61.82856165637105,8.13943099155452,22.362740706912696
5.74,0.0,5.433266796844549,21.917102346792653
5.76,-122.23136183609853,-32.44080813406072,21.40063820504642
5.78,185.5367688658717,30.412246745174087,19.7137021581183
5.8,32.22315555152093,31.181028583286263,20.04890415852711
5.82,-276.7857178911647,-59.056877277959785,20.397690888014044
5.84,119.4285936534996,-8.373778208638072,17.908255994762072
5.86,0.0,-6.494980379592619,17.084799086818528
5.88,30.732924090162328,3.921285646824657,16.346008012179826
5.9,-91.1357242698898,-24.282479497034615,15.956722183490362
5.92,-29.682062732950243,-26.759271555314257,14.69596556344036
5.94,-29.343730740821883,-28.43585337037524,13.397108666237642
5.96,59.025793473772126,-3.664198585796896,12.086417061139217
5.98,250.37257505760735,70.62626486548638,11.592925835534189
6.0,-96.67640288385044,22.776963894668256,13.442531938930724
6.02,-93.29337199402943,-11.119318479785534,13.734994174722232
6.04,30.732924090162328,0.6274316187315776,12.95626999705398
6.06,-30.732924090162328,-8.859393533188609,12.569988362066757
6.08,-119.4285936534996,-41.82005762095642,11.898572578845393
6.1,29.343730740821883,-22.09988539302188,10.215484548195487
6.12,0.0,-16.321690942259437,9.202993869339034
6.14,0.0,-12.09094673935951,8.403265891558108
6.16,-143.44844972932123,-51.13876466411966,7.761150412146732
6.18,233.53331264199895,31.197987213082,5.915724686848504
6.2,61.82856165637105,40.75700129930695,6.707857198447815
6.22,-122.23136183609853,-6.377506480303197,7.774669712078131
6.24,0.0,-4.816851563737856,7.331260074139225
6.26,60.40280017972748,14.076652470743056,6.950640888084647
6.28,0.0,10.09843808356976,7.173909887364209
6.3,0.0,7.196107467084545,7.265539893319755
6.32,157.35712423766515,51.313625887322445,7.263364467677439
6.34,-157.35712423766515,-9.021614466093553,8.643527504491043
6.36,30.732924090162328,2.2678732006582436,8.090051198041731
6.38,126.62420014750282,38.67638825463402,7.907633327925114
6.4,-95.5285625812941,-0.07379975390264804,8.871666159376527
6.42,63.305407029773164,18.349821793687227,8.59139083287067
6.44,64.83580619173566,32.223859950376976,8.897137615688997
6.46,134.49029231015217,62.78705473519821,9.628000019320414
6.48,69.77536018651236,66.01649624639734,11.293555683242026
6.5,35.5481765646644,58.275347780740816,13.008110317262549
6.52,-35.5481765646644,31.710486027214557,14.426403102062919
6.54,-236.87830313687925,-46.82159952477818,14.967940237498786
6.56,132.85949706739828,4.603644302238052,13.031978086181981
6.58,-33.824466293518896,-6.873467034012748,12.767905311608692
6.6,33.824466293518896,4.649474970524636,12.152510641111615
6.62,139.56698263414538,44.12379723941342,11.917428892085088
6.64,0.0,31.872309351222583,12.926504382777129
6.66,-173.39144892766427,-28.017377766237672,13.52010584814999
6.68,68.06791217648751,-0.705458503971812,12.218672038251974
6.7,141.3232300639173,40.73826447224107,11.813738975683641
6.72,-71.54786987740493,8.387274515407483,12.71998923789676
6.74,-35.10510142453285,-4.48715735666525,12.584238563132795
6.76,35.10510142453285,6.767787834873928,12.049365241502482
6.78,182.34374550208798,58.237187935747414,11.883885226615334
6.8,-146.79556893742358,-0.9782106153075176,13.336206120900393
6.82,-173.39144892766427,-51.95194746979723,12.8877132347281
6.84,33.824466293518896,-28.18447946421969,10.856186061537166
6.86,324.2571499722153,74.50316100674144,9.63298143625514
6.88,-290.0137040892467,-31.160821029509123,11.665464812891546
6.9,-324.46006718803204,-118.28312712768607,10.323650829416806
6.92,61.82856165637105,-68.20976697754162,6.294200933427229
6.94,194.56359335517348,7.347632030912621,3.9598760205434367
6.96,102.73817093846702,35.44944017078109,4.066019672694409
6.98,-102.73817093846702,-4.45729971109472,5.0493109305280015
7.0,33.824466293518896,6.579985712997427,4.751454068936432
7.02,139.56698263414538,45.69357149784281,4.808744802443291
7.04,-35.5481765646644,22.728416954635122,6.089729858564853
7.06,-137.84327236299987,-24.081267299828113,6.611045741408207
7.08,68.06791217648751,2.314136883875051,5.649407952485605
7.1,141.3232300639173,43.08283046999364,5.544908734991809
7.12,-175.5666759468859,-20.32837652033095,6.721030065752137
7.14,-132.85949706739828,-53.98982420809375,5.873530188296033
7.16,-32.22315555152093,-48.91905878381948,3.9979184127217096
7.18,269.10145868840016,43.348231359265554,2.339947412623455
7.2,-137.84327236299987,-8.980593253572522,3.624800576002766
7.22,-131.25818632540032,-45.18608012922769,3.2298540291374365
7.24,32.22315555152093,-23.513595446805624,1.7129076911126633
7.26,0.0,-17.16318842193445,0.9225222070461752
7.28,132.85949706739828,26.51505890234489,0.3558688317431944
7.3,104.01880606948097,49.86535964344938,1.1754768445444246
7.32,71.54786987740493,57.31324477347499,2.701006418536475
7.34,-403.95473559557826,-77.00430813714334,4.412092581067278
7.36,228.38805964869238,10.92210704020573,1.8611904230799157
7.38,-196.923249311034,-49.94479645519547,2.145082999367931
7.4,31.840596692114786,-27.06783539739277,0.51302625480503
7.42,233.99635726386734,49.025609823904404,-0.3511249344797499
7.44,70.65327798919725,56.47257898643403,1.195924777112186
7.46,-304.64963525306456,-48.406281234688464,2.9278281192593605
7.48,64.83580619173566,-16.27025507290938,1.319450824576462
7.5,275.81352237406946,69.15816932564027,0.7683380470931975
7.52,-141.3232300639173,8.829475902111739,2.9110975728758604
7.54,105.32353675117676,37.311504125344186,3.0965295487278115
7.56,0.0,27.10598962797164,4.1685377892501245
7.58,464.4415042502672,156.10776817742362,4.8872037444927034
7.6,-736.8679839518109,-102.91299978668249,9.62517865795283
7.62,-32.22315555152093,-84.63351783087703,6.0991829160583055
7.64,0.0,-61.774754762642914,3.2563866232269127
7.66,566.6301603701306,121.41904673694697,1.218860063028572
7.68,-534.4070048186097,-68.61073481306903,4.984918410917348
7.7,-32.22315555152093,-59.54801618585108,2.679052406361897
7.72,64.83580619173566,-24.379435965219898,0.7293817975113077
7.74,100.24684642718356,11.681659394445632,-0.05731642116585278
7.76,34.243445882968615,18.57031120510797,0.31048390501859646
7.78,69.77536018651236,34.01896716921726,0.8825926257908518
7.8,71.54786987740493,45.77857030274828,1.9208066537505644
7.82,-275.81352237406946,-47.73853416131857,3.2949384374092086
7.84,33.00925066013676,-25.143060474159995,1.6959805587167123
7.86,206.80457840119217,42.41201581844933,0.8550717604166137
7.88,-70.65327798919725,10.111604345314618,2.1571152964007667
7.9,70.65327798919725,28.075453641441328,2.406341780276327
7.92,0.0,20.394512726922898,3.2105948823961774
7.94,-35.5481765646644,4.338110381026183,3.748993690574018
7.96,35.5481765646644,13.52102591014841,3.7674516305436274
7.98,-105.32353675117676,-21.18108265440597,4.073046246109542
8.0,0.0,-15.516606286634271,3.281795204022955
8.02,-68.06791217648751,-31.372724681762776,2.692812118221783
8.04,68.06791217648751,-2.9096413139960475,1.6254859950989407
8.06,-199.32609850188783,-60.71942695197876,1.483393419922273
8.08,-125.13396868614421,-81.0214673067172,-0.4655174545686225
8.1,157.35712423766515,-12.765441349488071,-2.9894603519026877
8.12,-32.22315555152093,-18.69864741109879,-3.295757004708804
8.14,32.22315555152093,-4.078032942338439,-3.7783534598555915
8.16,-95.5285625812941,-30.953893785149944,-3.787742883016492
8.18,-61.82856165637105,-40.626308233694886,-4.638900541056764
8.2,30.732924090162328,-20.456391672021823,-5.766441861170758
8.22,31.095637566208723,-5.634834880090267,-6.226700781279771
8.24,0.0,-3.966159188478713,-6.208156704272115
8.26,95.5285625812941,25.316154625249254,-6.137911443478651
8.28,99.03503077387938,47.67157050779218,-5.152406750253754
8.3,0.0,34.83389027590107,-3.497349582482074
8.32,-404.83189936475196,-93.4969205360602,-2.296372363987401
8.34,179.1726684433698,-15.401322504337855,-5.153827042561684
8.36,126.62420014750282,26.10069345560646,-5.474896975120357
8.38,32.612650640214724,28.71262306693083,-4.4855847350799
8.4,-159.23685078771754,-25.77457740250324,-3.4454333751871724
8.42,-61.10944418518898,-36.65042670747525,-4.145040102868638
8.44,-30.02628008470083,-35.42338875761146,-5.163484299683832
8.46,122.23136183609853,10.227882203045624,-6.111574056813225
8.48,-122.23136183609853,-28.328659159306824,-5.5996335403262965
8.5,-29.682062732950243,-29.22920678178187,-6.311769178720299
8.52,-29.343730740821883,-29.76992595148573,-7.029808056910604
8.54,0.0,-21.526322494550953,-7.742291233509523
8.56,29.343730740821883,-6.8850938578250975,-8.174166319854091
8.58,-143.44844972932123,-46.98047549642652,-8.133777679528189
8.6,173.13051246227147,16.831173833986668,-9.350904995634389
8.62,0.0,12.465283111735204,-8.530579842485437
8.64,-145.0838686370581,-33.359937648342,-7.872746879507352
8.66,0.0,-24.122328636441637,-8.671300111542035
8.68,0.0,-17.37677678796814,-9.155404808631927
8.7,28.3627315037684,-4.1198827066430965,-9.412993148806569
8.72,-218.33772506069096,-66.94246316170123,-9.24715178600425
8.74,79.63297364988975,-25.153458742010315,-11.054835409915029
8.76,54.55956526977772,-2.0447902003482454,-11.496567153958445
8.78,-81.3932625004675,-25.14916522165862,-11.200428316876158
8.8,0.0,-18.068677161674884,-11.637463886592096
8.82,0.0,-12.902186359453793,-11.838963776999858
8.84,-78.77416712351604,-32.27966593177314,-11.872276190175999
8.86,361.0337528982967,82.82886146493951,-12.511671374343281
8.88,-255.4258885440909,-14.444819118426011,-9.524504552654125
8.9,0.0,-10.309629882876692,-9.678665642228951
8.92,-181.88735135179712,-60.73512240805883,-9.698434730875785
8.94,76.2794869975913,-21.607871818589075,-11.297493342968831
8.96,52.231411319369414,-0.14115810059038836,-11.620533497918968
8.98,26.542755804146623,7.952878815861908,-11.260866855627164
9.0,-129.8969911889813,-32.12389474358375,-10.658870392202756
9.02,51.12282406546527,-8.139974355932367,-11.331402909692281
9.04,105.60786435420582,25.35107821816851,-11.231410501367337
9.06,-26.83369723068978,10.828007036518983,-10.085224369367939
9.08,252.57752304183043,82.31955461098224,-9.429980381007967
9.1,-432.52367429576566,-66.91733099358359,-6.555325093571114
9.12,206.779848484625,12.162517965569464,-8.446560394501123
9.14,0.0,9.04502460289578,-7.8008459929823655
9.16,27.129448635610487,14.731170241601887,-7.2730387296088015
9.18,-80.50590167044689,-12.76372547539566,-6.583612721395463
9.2,0.0,-9.150335386750186,-6.777245242876838
9.22,26.542755804146623,1.284203354038027,-6.851597839107931
9.24,109.1290733125092,33.150294070478026,-6.596690564433971
9.26,-82.29537608181943,0.11045319783775653,-5.351355865458144
9.28,54.55956526977772,16.22908400338119,-5.1802289131074435
9.3,27.735810812041706,20.083596249561708,-4.509441921313433
9.32,173.13051246227147,65.5947067786606,-3.738903877516078
9.34,-29.682062732950243,39.13535669814934,-1.5665742794721251
9.36,0.0,28.53750333241507,-0.2913196299098475
9.38,29.682062732950243,29.511654081526473,0.6119321235346328
9.4,-200.86632327431317,-37.53664280619304,1.5174052525183446
9.42,171.18426054136293,22.923879252050483,0.2937813316168336
9.44,-171.18426054136293,-33.606638716617,1.0028174117219772
9.46,27.735810812041706,-16.34928101630777,-0.08155054789035754
9.48,143.44844972932123,30.241212978371124,-0.5912437840437286
9.5,120.81778700284005,57.535863016326516,0.3747849251424771
9.52,-373.39531004467045,-67.8119872011365,2.1657301913475124
9.54,26.83369723068978,-41.55230875407412,-0.02678027012386952
9.56,0.0,-30.262549639168412,-1.3278395074314158
9.58,255.4258885440909,53.035830335751655,-2.234408870185294
9.6,-29.682062732950243,29.955258512951133,-0.5027065200303735
9.62,29.682062732950243,30.548902646577858,0.4515887822212741
9.64,-200.86632327431317,-36.77765205270518,1.3945843237831443
9.66,230.892603359014,41.02238678928458,0.19858893108120768
9.68,-203.1567925469723,-29.817032064551086,1.4776618590975406
9.7,0.0,-21.748866635763164,0.49715054245498036
9.72,-187.90324043602524,-71.05917064945544,-0.19985169206708675
9.74,78.77416712351604,-28.60422353262919,-2.4199840984364425
9.76,26.83369723068978,-12.895268964643947,-3.2403769466790866
9.78,0.0,-9.320112753711385,-3.5428796938755527
9.8,0.0,-6.709582061360209,-3.723889369441362
9.82,0.0,-4.804290116419452,-3.8174357540005337
9.84,-231.4123190251756,-71.40620196657181,-3.8483554323520854
9.86,0.0,-51.921011980961396,-5.965047585226783
9.88,-96.00943565287992,-65.89152468029198,-7.404919253797049
9.9,300.5880574473657,40.490369282292704,-9.23739534807033
9.92,-300.5880574473657,-58.62216745123874,-7.6793473259242555
9.94,23.632068645895288,-35.582075068833774,-9.275464921974958
9.96,97.00983754753523,2.7929128481332555,-10.099691834512583
9.98,0.0,2.2575840170802053,-9.695746525982827
10.0,-24.6324705405506,-5.378547909980114,-9.321230133598974
10.02,24.6324705405506,3.5262743514650197,-9.197699782172133
10.04,24.892497132827884,10.085449678093283,-8.799037930385483
10.06,-49.524967673378484,-7.010947098643072,-8.207357632943213
10.08,0.0,-4.924577477880376,-8.16987223458481
10.1,-24.376497128441343,-10.567972584902918,-8.068192114544246
10.12,-24.124493093010102,-14.60634620060901,-8.146514115273481
10.14,73.13346076200204,11.02970032756403,-8.348910677410684
10.16,75.47421632477338,30.393019997995907,-7.741748727287467
10.18,25.69776780564581,29.857269264517328,-6.546927254231591
10.2,-76.2794869975913,-0.5214667993911348,-5.406327293516242
10.22,-24.892497132827884,-7.573876892343634,-5.2532770350157145
10.24,-120.64190619343051,-40.8459256130044,-5.325985029126816
10.26,23.632068645895288,-22.68745372964318,-6.438879879414656
10.28,0.0,-16.381131301034202,-6.947972908997277
10.3,72.37736700698463,9.488430853047447,-7.243528397657433
10.32,0.0,7.070830363591796,-6.719290153469966
10.34,-24.376497128441343,-1.8636406279860296,-6.28722428128626
10.36,150.18095179941113,42.90670661853895,-6.148626541913631
10.38,-25.69776780564581,23.835310613061722,-4.61164684104662
10.4,-124.48318399376532,-19.112972883306156,-3.720359526466919
10.42,49.00896766899194,0.5614696179556233,-4.20263398570611
10.44,179.94615125393523,53.37218766395537,-4.053367227946979
10.46,26.83369723068978,46.84546675933774,-2.2541354932202493
10.48,-255.78881615361695,-40.9856317165783,-0.7157687730108473
10.5,73.90146480181983,-8.121475473109996,-1.9774860606809637
10.52,25.15666293212604,1.520087197392428,-2.16998678182291
10.54,-99.05812773394587,-27.949316642160937,-2.0543710386334797
10.56,202.41236311878055,39.16067543498869,-2.865699862300765
10.58,26.542755804146623,36.383258381477646,-1.548948317230711
10.6,-78.77416712351604,3.387953406652855,-0.3604734267572707
10.62,105.60786435420582,33.50429074392949,-0.2430293981071508
10.64,-53.3764530348364,8.724409312394954,0.8143265033870917
10.66,53.3764530348364,22.018717842289703,1.0621616708673687
10.68,0.0,16.013046510410334,1.718763091353114
10.7,0.0,11.624502031375528,2.166625169502088
10.72,54.55956526977772,24.44858816410118,2.4629551261747253
10.74,55.782454637255086,34.141296488077444,3.1517991215763552
10.76,-163.7184729418692,-23.306534058879436,4.122748156548599
10.78,107.93601830461412,14.647155892137675,3.2633461861945827
10.8,27.735810812041706,18.744632978398812,3.620018607098084
10.82,28.04664382521338,21.8123189154106,4.093896242300274
10.84,0.0,15.79564312352062,4.64904191608212
10.86,0.0,11.401328746013917,4.998282226681113
10.88,-241.64765206688443,-62.805733783555695,5.198899608928464
10.9,25.69776780564581,-38.30704374276905,3.0682089305617253
10.92,0.0,-27.96745626569148,1.7718580675648505
10.94,25.974890704316067,-12.776578192935517,0.8400792067748948
10.96,-77.09771476978133,-31.976158700487645,0.4134482031985691
10.98,25.425056259819456,-15.827665261559787,-0.601368435946402
11.0,158.4350807954621,35.03586134902932,-1.078431940209988
11.02,55.16592744620894,41.74937311608886,0.05308490251867548
11.04,0.0,30.40549242353805,1.359494307101457
11.06,0.0,22.114675899561576,2.2695504950874583
11.08,0.0,16.056219481860268,2.8913290651783163
11.1,-109.1290733125092,-20.433390702904575,3.3038055082267364
11.12,0.0,-14.955031316218026,2.5600823209297916
11.14,53.963145866300266,4.9063923832306955,2.011306634693545
11.16,-27.129448635610487,-4.442054021894393,2.102014163133253
11.18,-53.3764530348364,-18.964343976907827,1.8969783532942075
11.2,107.93601830461412,17.85888251197818,1.2433607568161653
11.22,0.0,12.979369595202428,1.7639508336069587
11.24,-81.3932625004675,-14.500256165286629,2.1153473049531555
11.26,109.1290733125092,21.45584348714209,1.5947546679021916
11.28,0.0,15.591312907522337,2.217033396546059
11.3,28.04664382521338,19.546753118835625,2.6360703248012705
11.32,145.0838686370581,56.805184356545624,3.165908254903962
11.34,-29.682062732950243,32.58104579297765,4.846510000442361
11.36,90.08486291267772,50.08999033941919,5.715476038990489
11.38,93.29337199402943,63.76547626325433,7.105798422338922
11.4,-183.37823490670715,-7.594572235725394,8.88103404074376
11.42,-198.61437717553017,-64.08295338634034,8.364827732989557
11.44,27.430116634167234,-38.79832609186664,6.094926342470938
11.46,-27.430116634167234,-36.45152089213752,4.688351088526841
11.48,55.16592744620894,-10.44350795518767,3.3993750678416097
11.5,-109.1290733125092,-39.74476312189239,2.9656560644810135
11.52,81.3932625004675,-5.098010834797151,1.6274723630216545
11.54,27.735810812041706,4.400140281877185,1.416752539353163
11.56,0.0,3.1733382156403422,1.5102267062714938
11.58,173.13051246227147,53.14553236960222,1.562334570299596
11.6,91.1357242698898,65.44882162460581,3.178516192469308
11.62,31.095637566208723,56.73324760471772,5.129541478607612
11.64,-61.82856165637105,23.040190335440514,6.746365658476368
11.66,125.13396868614421,53.39704763171511,7.256876466670597
11.68,-94.40104459598189,10.993144051812465,8.702519619133675
11.7,0.0,7.81391266678142,8.77428843668145
11.72,-264.26623673216125,-72.14765163869714,8.744198373716987
11.74,0.0,-52.7396429628844,6.2097312031853455
11.76,143.44844972932123,3.5983899081756476,4.362755846281514
11.78,29.682062732950243,11.245164268962071,4.338807075470793
11.8,-145.0838686370581,-34.533315452739544,4.5551939620629724
11.82,0.0,-25.251896846754107,3.330490313405769
11.84,86.05807516328596,6.819855396927466,2.4349597760063446
11.86,244.56256233964382,76.76845024987031,2.572345359297195
11.88,-155.51048878117086,10.16385542093019,4.89702444622152
11.9,-118.06322425818081,-27.39421944021032,5.062042432533971
11.92,-112.8293791008332,-53.21419036376014,4.045137389788327
11.94,55.782454637255086,-22.45662585184718,2.2511138092198575
11.96,0.0,-16.405290648907567,1.4769819897670056
11.98,-110.3420199070328,-44.40065793240109,0.9167026423387743
12.0,-26.83369723068978,-40.24197126733142,-0.5031605776790276
12.02,26.83369723068978,-21.41361907713275,-1.7482391742674153
12.04,0.0,-15.557164269705481,-2.3643860389045193
12.06,110.3420199070328,21.14157846814635,-2.7777362504392786
12.08,-137.1757171377226,-24.84464767223571,-2.0283070077335417
12.1,-26.542755804146623,-25.848405437167088,-2.74317836197965
12.12,107.93601830461412,12.947789858147019,-3.4671009757009874
12.14,-54.55956526977772,-6.523461403377695,-2.9527969769685467
12.16,54.55956526977772,11.344438433621207,-3.0646714335958807
12.18,27.735810812041706,16.479230076411255,-2.613211664664397
12.2,28.04664382521338,20.30030981368327,-2.0150158415917696
12.22,-28.04664382521338,6.589160432233854,-1.315842064946319
12.24,-109.1290733125092,-27.235297761226462,-1.0681660715180852
12.26,26.83369723068978,-11.928170994353593,-1.8880229075821233
12.28,0.0,-8.645683591554842,-2.202596325167373
12.3,110.3420199070328,26.171729176758163,-2.4044682461461084
12.32,-241.64765206688443,-51.88444630778264,-1.5091316428187542
12.34,-25.425056259819456,-45.22497256399589,-3.0874684122702742
12.36,77.09771476978133,-10.217476571101969,-4.407701796774404
12.38,52.79927641919997,8.169032063423032,-4.589731054746087
12.4,109.1290733125092,38.11456751116964,-4.189979210096385
12.42,0.0,27.852093330199068,-2.864512122709755
12.44,28.04664382521338,28.588889436228726,-1.9021132148021742
12.46,145.0838686370581,63.491113613414996,-0.946782792716749
12.48,30.02628008470083,55.0845073880744,1.0721564818133253
12.5,92.2050817513977,67.18604027368542,2.7644472398333813
12.52,-122.23136183609853,12.958393299070536,4.782875704414064
12.54,-200.86632327431317,-49.68490615105736,5.039027355570272
12.56,27.735810812041706,-28.148618782733337,3.324441610608078
12.58,-27.735810812041706,-28.723703206174633,2.338341795721397
12.6,27.735810812041706,-12.822518861828769,1.3651197307692344
12.62,143.44844972932123,32.77779542346053,0.9205990005004849
12.64,-143.44844972932123,-18.294655175589725,1.9187343932103667
12.66,28.04664382521338,-5.126283084199201,1.2854175354622948
12.68,0.0,-3.761986581832133,1.0845290068241606
12.7,0.0,-2.7639050250023445,0.9326801537069076
12.72,-110.3420199070328,-34.45339800335603,0.8168604045346987
12.74,0.0,-25.110977540303736,-0.28821151577925297
12.76,-26.83369723068978,-26.16636058898436,-1.0659472896710587
12.78,53.963145866300266,-3.1787500091702725,-1.8523821834721346
12.8,0.0,-2.2741434381210013,-1.8939393454083016
12.82,-106.76242228550024,-32.9824284504852,-1.905851729547549
12.84,52.79927641919997,-8.46636463632322,-2.8795290958043136
12.86,-204.57862179448583,-66.21004283666991,-3.0545733216741864
12.88,-24.376497128441343,-55.31623660875553,-5.033332171925523
12.9,150.18095179941113,3.948671056498654,-6.608773585548358
12.92,0.0,3.022099312816806,-6.27799246426275
12.94,78.77416712351604,25.484712247381225,-5.98660615911183
12.96,26.83369723068978,26.57739340576839,-5.000560923375923
12.98,0.0,19.46733893929249,-4.011174618729885
13.0,-131.30563215985163,-24.31202999734481,-3.2755563603199533
13.02,-25.425056259819456,-25.104502601445233,-3.9346617190008684
13.04,51.12282406546527,-3.176430112023354,-4.597945680409832
13.06,-25.69776780564581,-9.762008866164251,-4.553407392066546
13.08,0.0,-7.009062422673651,-4.7166009577775245
13.1,104.47193492916185,25.6946293486493,-4.788427332394967
13.12,0.0,18.81971555782016,-3.8333458698779665
13.14,26.83369723068978,21.675537776624765,-3.123590307460648
13.16,0.0,15.855717400619085,-2.3465951469187774
13.18,110.3420199070328,44.019636897453296,-1.7762884525804559
13.2,-28.04664382521338,23.859004321924004,-0.3414310556243332
13.22,-135.67182911665583,-22.47755329070884,0.41680613350604756
13.24,220.76539740544732,48.48349703296151,-0.3005096695336683
13.26,-140.25949573500043,-5.8919975021176185,1.2279689524226236
13.28,27.430116634167234,3.7408913044764347,1.0048893562513128
13.3,-160.16742962398354,-44.35674464948249,1.0906125423970554
13.32,187.90324043602524,22.878375420128094,-0.3333236733350289
13.34,264.26623673216125,94.31452047905182,0.3939348739180286
13.36,0.0,68.68190120774713,3.336612545609139
13.38,0.0,49.94818749281151,5.383981827405576
13.4,-91.1357242698898,9.482118513805204,6.780247535538819
13.42,0.0,6.755943252604624,6.864901345439051
13.44,-29.682062732950243,-3.9523778682749366,6.861487519334078
13.46,-29.343730740821883,-11.65192024818893,6.5226723382344165
13.48,119.4285936534996,26.45892996645358,5.953234153287362
13.5,30.732924090162328,28.16838774563095,6.595709419206014
13.52,0.0,20.369504115306114,7.271614902766768
13.54,0.0,14.674510289731302,7.681992094132106
13.56,-120.81778700284005,-24.97998756153308,7.901078538605454
13.58,247.44198715034287,54.33323403528547,6.870863720300611
13.6,0.0,39.41964872172363,8.357933423620338
13.62,-95.5285625812941,0.4575641692625254,9.3311451584411
13.64,128.14121322150882,37.77616991852142,9.05312209803791
13.66,134.49029231015217,66.82743037738277,9.953059752170596
13.68,-167.1029429503669,-0.6456353655579505,11.735022028619065
13.7,-187.7336443326918,-55.8882043463683,11.347116822960809
13.72,-30.02628008470083,-49.77731712163873,9.240529890189912
13.74,-29.682062732950243,-45.17892498849463,7.391409172787797
13.76,29.682062732950243,-24.34706537840654,5.744299036782724
13.78,122.23136183609853,18.053581952165842,4.80148990069428
13.8,-122.23136183609853,-22.870552041330683,5.2166985062603874
13.82,-173.13051246227147,-67.64013537983402,4.336681367173544
13.84,28.04664382521338,-41.118803195842446,2.081536021175541
13.86,267.3152304731566,48.54685652270021,0.7280023650091814
13.88,-151.91342456904877,-9.292668660484082,2.2262412602317405
13.9,-29.343730740821883,-15.438771240906135,1.8653359399814877
13.92,0.0,-11.285550812268497,1.3231714134118824
13.94,-141.84052980054105,-49.92310366750843,0.9281205827232972
13.96,27.735810812041706,-28.231143620149624,-0.6651271724433416
13.98,143.44844972932123,21.600394303062842,-1.528813238447807
14.0,29.682062732950243,24.48663887695446,-0.8041392795091162
14.02,-145.0838686370581,-24.775566947013772,-0.011739959368468389
14.04,115.40180590410785,15.862253070480392,-0.7876290817866299
14.06,-143.44844972932123,-30.57669096507638,-0.2659624404418366
14.08,28.04664382521338,-14.023127278753833,-1.2156445944387353
14.1,0.0,-10.186347314846245,-1.616922898687779
14.12,-267.0727083267039,-85.85215736367431,-1.8854162617369985
14.14,0.0,-62.48564034755546,-4.516224541022611
14.16,0.0,-45.409261807972,-6.332496282044822
14.18,156.73068841967108,13.117196971635536,-7.556831976442053
14.2,-26.83369723068978,1.8365922941143253,-6.909082572225414
14.22,-204.57862179448583,-58.61709378869193,-6.6350670091065105
14.24,24.6324705405506,-35.307555848071104,-8.263744562040918
14.26,101.17198413041919,4.193350946516006,-9.111069130090453
14.28,0.0,3.255668918238541,-8.694221006306098
14.3,78.77416712351604,25.708285756732607,-8.319812413838765
14.32,26.83369723068978,26.791849665823264,-7.253659301062817
14.34,-105.60786435420582,-11.355437368908383,-6.186960681024212
14.36,-51.12282406546527,-23.1539160905605,-6.348897074926568
14.38,103.35423538483468,13.643823971803926,-6.87542439490684
14.4,0.0,10.089118084929538,-6.2325245064578585
14.42,-52.231411319369414,-7.86024661001008,-5.721142119843212
14.44,187.90324043602524,49.610014900060406,-5.7881635824977655
14.46,-109.1290733125092,4.196361797719561,-4.052452696299116
14.48,26.83369723068978,11.029987538547914,-3.7940045395603716
14.5,-105.60786435420582,-22.911575767284376,-3.3295458672414604
14.52,215.94988426123862,46.835430122202126,-3.9430812469665026
14.54,-215.94988426123862,-29.25043003172192,-2.3521116991829434
14.56,25.974890704316067,-13.619739519815255,-3.1948777472565992
14.58,26.256520615053347,-2.134290362847935,-3.521504841529085
14.6,0.0,-1.4765175342951409,-3.4780412595469365
14.62,0.0,-0.9984138273374299,-3.4153304157238273
14.64,26.542755804146623,7.146979045337076,-3.339604668986211
14.66,137.1757171377226,45.58296181173347,-3.0110437305121267
14.68,-215.94988426123862,-30.183242898861096,-1.488518139707213
14.7,78.77416712351604,1.1948136686207533,-2.387568388383153
14.72,0.0,0.9230272075200219,-2.2753268002085223
14.74,26.83369723068978,8.606650381747016,-2.1751174066653984
14.76,110.3420199070328,38.73624334907575,-1.8373078931503408
14.78,-137.1757171377226,-12.051008890367143,-0.5660755798885708
14.8,0.0,-8.764397568457127,-0.9259163602228816
14.82,-26.542755804146623,-14.16132022276031,-1.1715081384557902
14.84,107.93601830461412,21.424886832061674,-1.5784991057039437
14.86,27.735810812041706,23.788082148238487,-0.8577673328320212
14.88,28.04664382521338,25.584610639776884,-0.08557462874562771
14.9,0.0,18.63553214409066,0.718712104893805
14.92,-137.1757171377226,-26.747199473800265,1.280073875983219
14.94,81.3932625004675,4.405596261966593,0.40193591556272756
14.96,55.782454637255086,19.58930020376286,0.5273768061884541
14.98,0.0,14.255499452628584,1.1246164422077394
15.0,0.0,10.357601387278237,1.5360273804530291
15.02,-28.04664382521338,-0.7308269586829397,1.8124209814064287
15.04,-27.735810812041706,-8.721477412834844,1.7327370774075854
15.06,-107.93601830461412,-38.1031741470899,1.4051903169471642
15.08,26.542755804146623,-19.983608577516776,0.1673319581615249
15.1,-104.47193492916185,-45.25312159629493,-0.4640282744845714
15.12,25.69776780564581,-25.397926832248174,-1.8673400618226628
15.14,105.60786435420582,12.572462374691895,-2.6045898547725916
15.16,110.3420199070328,41.63410357677364,-2.1290692601129395
15.18,-267.0727083267039,-48.09924831861494,-0.7579011533584465
15.2,51.12282406546527,-19.99412201242947,-2.2411790136208687
15.22,105.60786435420582,16.516402448475276,-2.7974062627676464
15.24,-26.83369723068978,4.206975431589655,-2.1922746690525585
15.26,0.0,3.112506738898446,-1.9917762344932033
15.28,0.0,2.310953275446792,-1.8318511292671569
15.3,26.83369723068978,9.607684502474001,-1.7020506394023533
15.32,-26.83369723068978,-0.8489787084101863,-1.3476990895231493
15.34,-26.542755804146623,-8.387074832893404,-1.3320734061816015
15.36,26.542755804146623,1.719617211022495,-1.5531175472330423
15.38,282.25958577478065,84.21793806579103,-1.4505776893686935
15.4,0.0,61.36922712943047,1.233549830230672
15.42,-59.025793473772126,27.32632922625271,3.11769390493185
15.44,89.05207355847296,45.997711140497444,3.8761880110234475
15.46,92.2050817513977,60.5059543569034,5.195920685304701
15.48,-181.25715530987065,-9.303072983187377,6.928869857812852
15.5,150.16151774366193,37.190332432265194,6.420297903553576
15.52,-61.10944418518898,8.989530875997787,7.384370827305191
15.54,92.2050817513977,33.47474413146685,7.434662982154353
15.56,95.5285625812941,52.2830405687003,8.25053912765955
15.58,-157.35712423766515,-8.337418061783097,9.630145717465298
15.6,30.732924090162328,2.744353359324947,9.067194066267424
15.62,159.23685078771754,48.58377173287849,8.869089656567468
15.64,-280.0546377905576,-47.09529237128649,10.113412266262563
15.66,-29.343730740821883,-43.14547540978637,8.32097478646382
15.68,59.025793473772126,-14.265112776620725,6.70845104784023
15.7,-59.025793473772126,-27.88038239483086,6.051316751196144
15.72,119.4285936534996,14.649937529155466,4.988183969429322
15.74,157.35712423766515,56.79274590992378,5.2909016993753655
15.76,0.0,41.24590468407234,6.904534387383359
15.78,0.0,29.88721413279052,7.980502801935275
15.8,167.1029429503669,70.68749991573782,8.666874057801548
15.82,-68.06791217648751,31.29181159668022,10.610076495484005
15.84,33.824466293518896,32.49353862335198,11.258067345434526
15.86,-228.38805964869238,-43.686656202476115,11.923407608964027
15.88,128.14121322150882,5.567945010345454,10.18105802665586
15.9,-32.612650640214724,-5.752028067060877,10.036522038271414
15.92,32.612650640214724,5.170624026142434,9.541842266376998
15.94,-96.67640288385044,-24.849935508673582,9.404885216644507
15.96,-183.37823490670715,-72.18531660250633,8.331628534451662
15.98,-29.343730740821883,-61.37947605375871,5.808907715360488
16.0,29.343730740821883,-36.21055046466708,3.703791404164992
16.02,-143.44844972932123,-68.60143738603739,2.4532131433834037
16.04,0.0,-50.01769008795165,0.22696069579096845
16.06,143.44844972932123,5.713201852843497,-1.347282171527307
16.08,0.0,4.190816750890036,-1.1260662521845712
16.1,29.682062732950243,11.798082783352726,-0.9594800581639991
16.12,0.0,8.613942267619024,-0.5597658200441378
16.14,-200.86632327431317,-52.730820957817315,-0.27233931197619254
16.16,27.735810812041706,-30.24948302739574,-1.9159449351250886
16.18,114.10471898849934,11.536554673440946,-2.8036786451199456
16.2,-114.10471898849934,-25.06102238805923,-2.3543768853248555
16.22,0.0,-18.200209002866075,-3.065811319952661
16.24,0.0,-13.187639072678792,-3.5399954814871983
16.26,173.13051246227147,41.34133915193914,-3.842271124226394
16.28,-29.682062732950243,21.473568449377467,-2.4265985085863515
16.3,-252.57752304183043,-58.51701778891183,-1.6777691949300595
16.32,26.83369723068978,-34.69760809510802,-3.4586310436456613
16.34,0.0,-25.19423982576825,-4.4373966642337885
16.36,0.0,-18.251144324888458,-5.087740766250373
16.38,-26.83369723068978,-21.064051438608544,-5.500170623729305
16.4,-26.542755804146623,-23.018124625298952,-5.987811158162941
16.42,-26.256520615053347,-24.346415387928033,-6.521397302869673
16.44,52.79927641919997,-2.074509057743512,-7.079882776298456
16.46,-104.47193492916185,-32.04931595630285,-6.923056651491422
16.48,25.69776780564581,-15.638493575401213,-7.710301340746714
16.5,0.0,-11.219141121512877,-7.958703904630613
16.52,0.0,-7.994967222037985,-8.060858461443182
16.54,-125.80445467096979,-42.60730809253985,-8.058793986677518
16.56,24.6324705405506,-23.615898051465223,-9.141252538169654
16.58,206.779848484625,43.7567885379643,-9.594765640576142
16.6,-53.3764530348364,16.398366741422876,-7.9231786693101816
16.62,107.93601830461412,43.831332272867485,-7.16114691492903
16.64,0.0,32.081435052656104,-5.563473423401084
16.66,-54.55956526977772,7.458230989188763,-4.384000032007586
16.68,82.29537608181943,29.708276293447966,-4.012964560022873
16.7,0.0,21.72575429775705,-2.9564257631033155
16.72,28.04664382521338,24.12902256794922,-2.183094765582557
16.74,-28.04664382521338,9.38138573177909,-1.3586953043416585
16.76,28.04664382521338,15.103090619350468,-1.02219190145596
16.78,-28.04664382521338,2.781983983580716,-0.5169617805196808
16.8,28.04664382521338,10.278027537453482,-0.41360069117393194
16.82,-28.04664382521338,-0.7456443084365105,-0.07861538992508998
16.84,-161.92834973170918,-48.11775808204004,-0.09951444088639601
16.86,161.92834973170918,12.533782889141065,-1.6040005179932726
16.88,-55.16592744620894,-7.044367798005169,-1.1610418280390948
16.9,83.21257127142232,19.343997204980212,-1.3453755590902057
16.92,115.40180590410785,48.02467215157549,-0.6971454093114545
16.94,-143.44844972932123,-7.154342092579213,0.829384730347214
16.96,28.04664382521338,3.0114695724556384,0.5792421816467714
16.98,-28.04664382521338,-6.059950269671788,0.6554476395801457
17.0,173.13051246227147,46.43970881500721,0.4450438036505367
17.02,60.40280017972748,51.55990449627765,1.8861280225550885
17.04,61.82856165637105,55.67603633863527,3.442484511987047
17.06,-181.25715530987065,-12.781975031392534,5.079042734905489
17.08,0.0,-9.421674446459605,4.519429335607315
17.1,-86.05807516328596,-32.2468016078588,4.082632923469364
17.12,0.0,-23.57614015832823,2.9443753718186247
17.14,236.2195929069479,52.16807806209829,2.11344647173269
17.16,-91.1357242698898,11.171260430874241,3.681735742893742
17.18,-29.682062732950243,-0.6662084183766126,3.916394171915443
17.2,0.0,-0.571863189567523,3.772814122517314
17.22,151.91342456904877,44.13395913470737,3.63668864124395
17.24,0.0,32.06292987351489,4.9055309602918165
17.26,-31.095637566208723,14.10709154376022,5.756414404940843
17.28,-30.732924090162328,1.1173398788670852,6.018054076388576
17.3,-148.43974435320746,-42.932705483384126,5.864507096762427
17.32,29.011150699707855,-22.874449074907943,4.335614714169453
17.34,29.343730740821883,-8.134189242935008,3.4830811972464835
17.36,0.0,-6.001313215625004,3.1190940893078074
17.38,29.682062732950243,4.281080089527478,2.8333375774628924
17.4,91.1357242698898,29.832018302210628,2.8786975966446406
17.42,-30.732924090162328,12.633701772833916,3.7231869544054477
17.44,30.732924090162328,18.148617820361324,4.002367208984582
17.46,-236.2195929069479,-56.27472385892531,4.445591189585175
17.48,0.0,-41.08405121549481,2.5431295070897066
17.5,-110.3420199070328,-62.398142614684105,1.1762222442780366
17.52,54.55956526977772,-29.441251522323597,-0.8156612470466431
17.54,-107.93601830461412,-53.13729687661919,-1.7125454050754834
17.56,26.542755804146623,-30.864192748712327,-3.323762657955387
17.58,0.0,-22.405292566164547,-4.186647063697541
17.6,26.83369723068978,-8.341409526866528,-4.757465494855566
17.62,82.29537608181943,18.209434882856357,-4.86975602213069
17.64,0.0,13.36994059387493,-4.146649162018752
17.66,-27.735810812041706,1.6801639998163864,-3.597827226691905
17.68,-54.55956526977772,-14.726942407899912,-3.432459572374625
17.7,110.3420199070328,21.76987312298664,-3.7863332438307653
17.72,-137.1757171377226,-24.36473547370852,-2.985617646028385
17.74,0.0,-17.679126442295967,-3.6554585788401166
17.76,-26.542755804146623,-20.59365127891155,-4.094841851752199
17.78,-26.256520615053347,-22.622520486721953,-4.611775150218934
17.8,-51.67265850996188,-31.556294534401985,-5.176079746604937
17.82,0.0,-22.868375893665416,-6.002612806746136
17.84,-75.47421632477338,-38.69775565894784,-6.531043332728677
17.86,101.17198413041919,1.685882113217474,-7.53887633892432
17.88,-101.17198413041919,-28.330849516883205,-7.249850343728902
17.9,0.0,-20.47335384538229,-7.91035075654139
17.92,0.0,-14.736012882170968,-8.303969135736187
17.94,101.17198413041919,19.176790619777506,-8.505495046099972
17.96,-51.12282406546527,-0.8655568841369643,-7.638166085089957
17.98,25.425056259819456,7.008781889935278,-7.425969730623831
18.0,-25.425056259819456,-2.20127432342494,-6.9737065657750685
18.02,51.12282406546527,13.57156123058445,-6.824178858843322
18.04,-101.17198413041919,-19.69015239709293,-6.185148676353768
18.06,0.0,-14.203767820596624,-6.608281396929053
18.08,0.0,-10.198593053329574,-6.8462597715372535
18.1,101.17198413041919,22.449205287811225,-6.951293574646939
18.12,0.0,16.503882215144472,-6.0301303282541605
18.14,0.0,12.15343654959824,-5.324104752095029
18.16,-76.2794869975913,-13.442478118607681,-4.776506265424804
18.18,128.51089831696072,28.0733331981736,-5.048024609476416
18.2,0.0,20.55790351701603,-4.010281079145025
18.22,26.542755804146623,22.85991787331554,-3.2405217364056016
18.24,26.83369723068978,24.60495823207438,-2.422754466685216
18.26,0.0,17.97374963815841,-1.5759342923530237
18.28,82.29537608181943,37.30474808287383,-0.9634123620405373
18.3,0.0,27.1908992867381,0.23558848055842296
18.32,264.26623673216125,97.44280570021644,1.080140191259268
18.34,-346.5616128139807,-30.87874278927032,4.099332015403395
18.36,82.29537608181943,1.599206664109687,3.0034146607225205
18.38,28.04664382521338,9.338702090649065,2.959418645456863
18.4,0.0,6.736030587698139,3.1592914937212497
18.42,-55.782454637255086,-11.553489273376982,3.271356279108767
18.44,141.84052980054105,33.18744492796171,2.8068708661133845
18.46,0.0,24.10878717143561,3.758741389161681
18.48,181.25715530987065,70.73107166740513,4.396339898110045
18.5,-31.095637566208723,42.280919926442806,6.47470996764733
18.52,0.0,30.650540857496367,7.596574081619288
18.54,0.0,22.155146703472184,8.318890630629102
18.56,31.095637566208723,25.088107674788063,8.75240200135814
18.58,-122.23136183609853,-17.834623897601176,9.264225006153083
18.6,-29.682062732950243,-21.915127845717564,8.415176024145348
18.62,29.682062732950243,-7.4263602405217455,7.464880544209852
18.64,60.40280017972748,12.173153407825765,6.998314865571145
18.66,-148.43974435320746,-34.902287216639394,7.16045058624183
18.68,29.011150699707855,-17.054454339276504,5.842559747452483
18.7,29.343730740821883,-3.928746269978234,5.12516076971728
18.72,120.81778700284005,32.522910783623615,4.84148781436229
18.74,0.0,23.57977953923225,5.708789745748779
18.76,126.62420014750282,54.250842915870834,6.268715584131012
18.78,32.612650640214724,48.95494159103109,7.77207008122684
18.8,-159.23685078771754,-11.303019206712861,9.062393343876943
18.82,-236.2195929069479,-77.8367313600107,8.42431337023458
18.84,115.40180590410785,-22.969609603010355,5.721620998493599
18.86,0.0,-16.85569243151903,4.822680227198281
18.88,-171.18426054136293,-62.67887738501585,4.143463176214314
18.9,261.26912345404065,31.022306620492657,2.049815566664863
18.92,-119.4285936534996,-12.540874538899516,2.9575686643277095
18.94,29.343730740821883,-0.5776081462201432,2.471978391798402
18.96,-225.74382581114065,-66.80153903415729,2.3764301139049224
18.98,377.6572503801894,62.25499688148446,0.2089770057993907
19.0,-295.36187429836997,-41.44417391563948,2.152975077458592
19.02,28.04664382521338,-21.99159226883509,0.787008755328164
19.04,-163.7184729418692,-64.13659839046417,0.07331984256971757
19.06,53.3764530348364,-31.030603140646917,-1.938476522072353
19.08,-53.3764530348364,-38.23976568190801,-2.849977987602095
19.1,0.0,-27.787511021774947,-3.958794945917889
19.12,0.0,-20.150450445895274,-4.705385592576489
19.14,53.3764530348364,1.110872539821628,-5.18930343858274
19.16,-156.73068841967108,-45.125417882259455,-4.991909149993864
19.18,51.12282406546527,-17.73455710784404,-6.249354248660311
19.2,78.77416712351604,10.366708150637294,-6.609203474373761
19.22,109.1290733125092,39.7598493127127,-6.077321823789251
19.24,-27.735810812041706,20.943030876665603,-4.641172132347203
19.26,55.782454637255086,31.745334614700482,-3.8395793563060026
19.28,0.0,23.205536760309542,-2.7246487889884223
19.3,-241.64765206688443,-54.03768246206653,-1.9122158431427818
19.32,-288.27480614343557,-124.01260292204839,-3.545387588801101
19.34,0.0,-90.24171144619757,-7.319812358918552
19.36,-152.68501664800382,-110.42300942069403,-9.917884116735852
19.38,365.485606466666,27.18070766894698,-13.066865633587778
19.4,75.47421632477338,42.26041955594653,-11.805846714955234
19.42,25.69776780564581,38.59038863775126,-10.111866704907339
19.44,-101.17198413041919,-1.3958384092298104,-8.585949479897971
19.46,0.0,-0.8266366040729167,-8.360672144068866
19.48,-212.8005898186622,-62.94035365269224,-8.124619120991655
19.5,45.6126237940822,-32.25907694531003,-9.842081134505415
19.52,0.0,-23.276982559531945,-10.544440394872318
19.54,-68.07762800830588,-36.72165363123767,-10.943370696364822
19.56,22.465004214223683,-19.902294287025768,-11.751044297612468
19.58,-22.465004214223683,-20.835602664791963,-12.006435607043445
19.6,235.26559403288587,54.21455613392325,-12.283067110063435
19.62,0.0,39.75701333784656,-10.199593397885977
19.64,-120.64190619343051,-6.26471761860401,-8.634375397513327
19.66,23.632068645895288,2.571737194168122,-8.560130342602125
19.68,23.876376785533182,9.077591748761904,-8.211351660765542
19.7,-94.05450526257795,-20.841284102153423,-7.66966223868034
19.72,-134.14767010592428,-54.42345426005133,-8.08234958840105
19.74,21.805791101436967,-33.05175683961323,-9.534288299389152
19.76,66.72925521040511,-4.25528096258958,-10.27112707783299
19.78,188.1681192781116,52.41406041323131,-10.082641285015612
19.8,100.10668686532398,67.80950981744382,-8.124522652589638
19.82,25.69776780564581,57.11670446728476,-5.745391598078602
19.84,-198.18182167795442,-16.502089034872114,-3.7758245931946828
19.86,-93.09935611544589,-39.28883877109328,-4.174558203885818
19.88,-22.691396155681076,-35.18925469186556,-5.274743096440094
19.9,45.6126237940822,-12.110610010869038,-6.212011159285224
19.92,0.0,-8.682884078186248,-6.3968234134144035
19.94,94.05450526257795,21.4519755031219,-6.468449241032628
19.96,48.500990221451445,30.017057568363015,-5.593659013209936
19.98,24.6324705405506,29.22292511630502,-4.477920010068672
20.0,50.049160064953924,36.08757949715269,-3.422020242924557
20.02,-99.05812773394587,-2.745613961033655,-2.18412318102395
20.04,24.376497128441343,5.210754460986777,-2.2017155583558097
20.06,24.6324705405506,11.081088865623911,-1.969471371658505
20.08,101.17198413041919,37.839598996804824,-1.5605770705223423
20.1,-101.17198413041919,-2.1318549062144143,-0.3261084220678787
20.12,-120.64190619343051,-36.991441400578395,-0.38268526116438495
20.14,23.632068645895288,-19.98955295505027,-1.5296943921844255
20.16,198.18182167795442,43.70329413866827,-2.1080704027844988
20.18,0.0,31.876378789192472,-0.6727292720061699
20.2,-125.80445467096979,-13.731904754961732,0.34708478588143943
20.22,0.0,-10.008822690000585,-0.0940318010188323
20.24,74.68163060550452,14.65484389561098,-0.40467758309643537
20.26,156.73068841967108,56.7315874822782,0.06716059078441294
20.28,-26.83369723068978,33.43288989496713,1.842545004312361
20.3,26.83369723068978,32.19293751666541,2.832319524475379
20.32,82.29537608181943,47.56324954509523,3.752233241324554
20.34,-82.29537608181943,10.37863525067948,5.124900358129185
20.36,54.55956526977772,23.475750797597783,5.2895080238681045
20.38,55.782454637255086,33.37022484258583,5.859311227259571
20.4,0.0,24.1743701784344,6.7212708360295075
20.42,-83.21257127142232,-6.99099638680778,7.268103518191734
20.44,-53.963145866300266,-21.107457201677704,6.821343794127986
20.46,-26.542755804146623,-23.322363209503294,5.946291125344679
20.48,-26.256520615053347,-24.832050383209747,5.029258772568382
20.5,79.63297364988975,5.200279067289415,4.093657624704898
20.52,-26.83369723068978,-4.187190981247824,4.128329791505468
20.54,26.83369723068978,4.7431180539078355,3.8677916235542633
20.56,0.0,3.3689022096837107,3.8952169587504435
20.58,-156.73068841967108,-43.68186639094773,3.8787267010462263
20.6,25.425056259819456,-24.42977266334907,2.3885795257229487
20.62,25.69776780564581,-10.295100005763658,1.5483189409974503
20.64,-101.17198413041919,-37.257833632870074,1.17724624946163
20.66,-24.6324705405506,-34.398768683962544,-0.026984438099375563
20.68,100.10668686532398,4.359990564713456,-1.1039057688683878
20.7,0.0,3.1998686287899147,-0.9327134191010665
20.72,25.69776780564581,9.901450710008675,-0.803233211536261
20.74,-198.18182167795442,-50.99898532894187,-0.467838855171432
20.76,-23.632068645895288,-44.07631762668629,-2.0510580769773523
20.78,23.632068645895288,-25.112655504045733,-3.3677746639445454
20.8,0.0,-18.215391725528463,-4.049075519443589
20.82,97.00983754753523,15.325678332169446,-4.492928186259637
20.84,-120.64190619343051,-24.18467470546446,-3.8719804940145743
20.86,47.50844543142847,-3.569839667642327,-4.5084087202953045
20.88,-47.50844543142847,-16.458746752864784,-4.479001895616906
20.9,-114.62368783945536,-45.56581269626747,-4.854345889447934
20.92,22.465004214223683,-26.47834775092406,-6.129899311334533
20.94,-22.465004214223683,-25.749410004615925,-6.767447773058177
20.96,45.15640036990476,-5.336451994502767,-7.3621821016805455
20.98,0.0,-3.723719021564875,-7.2987128343537115
21.0,-22.691396155681076,-9.217543126678862,-7.186702731333742
21.02,22.691396155681076,0.11274034387511733,-7.250332111917831
21.04,190.1091936629811,56.098825162190735,-7.0196356275304685
21.06,-190.1091936629811,-14.843399150920078,-5.042036318063746
21.08,69.4672874695506,9.71119727143872,-5.349128223151
21.1,47.50844543142847,21.149693176803908,-4.8772648582050815
21.12,-47.50844543142847,1.5530047108867961,-4.061799880232494
21.14,0.0,1.2209468862849349,-3.8858793406112877
21.16,96.00943565287992,29.183901794772282,-3.7258745513069003
21.18,24.6324705405506,28.574799265835793,-2.694760196450681
21.2,0.0,20.87106016905622,-1.7150363814805734
21.22,0.0,15.238639193885462,-1.007378932565647
21.24,-24.6324705405506,3.8835020561471367,-0.4983659777743653
21.26,24.6324705405506,10.076743637420549,-0.361075253481718
21.28,0.0,7.3470259987708175,-0.03404219258761376
21.3,24.892497132827884,12.665403001789599,0.1972181261167062
21.32,50.581719191945496,24.081528836706667,0.5878657035755288
21.34,-25.425056259819456,10.055738102207101,1.3239586216792785
21.36,103.35423538483468,37.661121800733355,1.5975388208009962
21.38,26.542755804146623,35.19235845488211,2.727466830858315
21.4,0.0,25.57075132832267,3.744642257101238
21.42,26.83369723068978,26.42474352322779,4.428488119112836
21.44,-206.779848484625,-41.60679159479983,5.117664929728515
21.46,101.17198413041919,-0.6905495153077368,3.6537152103912054
21.48,-25.69776780564581,-8.134082447958946,3.517602656089464
21.5,25.69776780564581,1.5483040608756937,3.1525372833349623
21.52,105.60786435420582,32.08671895714161,3.102274167389727
21.54,-105.60786435420582,-7.728243300120852,4.010401794146197
21.56,-25.69776780564581,-13.267627766237666,3.642611829973354
21.58,0.0,-9.743599858619234,3.1127877859461193
21.6,-124.48318399376532,-43.73988544563687,2.709977213412804
21.62,124.48318399376532,4.658261969954225,1.2546309459334715
21.64,0.0,3.364919040267722,1.3612719868994114
21.66,25.69776780564581,9.970902622584532,1.4240493578869151
21.68,0.0,7.2304428441775315,1.6918355317400724
21.7,-101.17198413041919,-24.49690496571364,1.865368692394521
21.72,0.0,-17.882720190341672,1.0393977556834257
21.74,24.892497132827884,-5.733533760724185,0.44653844137957344
21.76,-24.892497132827884,-11.499400355561562,0.2529071904520112
21.78,-144.03339733225025,-50.69946272112631,-0.11531083953235527
21.8,23.39149113881973,-30.049901799708323,-1.7001908030071997
21.82,-23.39149113881973,-28.72084829365349,-2.5884312351913037
21.84,47.02355978471502,-7.0444647533342675,-3.4072004079960942
21.86,-23.632068645895288,-11.998573892901732,-3.5211615434181556
21.88,-69.4672874695506,-29.071121939288247,-3.7867720256549813
21.9,-89.42065136608619,-47.36195713076796,-4.578969938973849
21.92,22.022267474049784,-27.92267966283788,-5.919427308637635
21.94,-22.022267474049784,-26.675913333411216,-6.6088233445557885
21.96,-21.805791101436967,-25.689018702454547,-7.23755640946966
21.98,21.805791101436967,-12.142747347238725,-7.815669351906935
22.0,-64.78058753185323,-27.70409835458736,-7.951243419279798
22.02,-42.146211544206125,-32.3844105377745,-8.57013101240726
22.04,-20.769839130842627,-29.49882845970251,-9.316269339539657
22.06,-61.13087038340126,-39.2392494299294,-9.948620231496223
22.08,102.87174715270453,1.8665318266869235,-10.86634109084424
22.1,-82.68843137322506,-22.69497337349975,-10.467400426351078
22.12,0.0,-16.297473012475194,-10.850509258762187
22.14,0.0,-11.629605124784348,-11.021171084530085
22.16,20.376032322310067,-2.2394384775083154,-11.040234267041333
22.18,0.0,-1.3867391792786066,-10.764491679874626
22.2,-20.376032322310067,-6.758522614141782,-10.470672143759627
22.22,-40.17663621757279,-16.49501846058783,-10.354364739324238
22.24,-134.85153887684547,-51.405409855728834,-10.546760948086378
22.26,56.72554649355561,-20.53931370376816,-11.826925813555594
22.28,38.698706496513324,-3.3272639004977123,-12.099898444065243
22.3,-57.781124451896204,-19.132338892657685,-11.82503819242886
22.32,-74.60635225324737,-35.59293093273297,-12.053987261180408
22.34,0.0,-25.65613563015674,-12.791498888809004
22.36,0.0,-18.40270698745954,-13.19456791834359
22.38,-71.95910780093513,-34.253436137167625,-13.35774699618902
22.4,0.0,-24.651715409009256,-14.0124413581713
22.42,0.0,-17.644158795560827,-14.34578632179866
22.44,-69.45030478571752,-32.93838725249287,-14.449129449068613
22.46,51.85772125620076,-8.433396393140669,-15.028426583490473
22.48,0.0,-5.809644877209763,-14.821794054953411
22.5,-17.437897048979778,-9.026758118938005,-14.539429438203753
22.52,35.03048057849654,4.039744699264247,-14.366708892456986
22.54,146.5654600541825,46.32271971574653,-13.790006142464584
22.56,-74.60635225324737,12.122403481597388,-11.906581172020434
22.58,0.0,9.0923649892801,-11.153715800089175
22.6,0.0,6.868886633377258,-10.519374675677849
22.62,-71.95910780093513,-15.90696346196836,-9.97457346970146
22.64,-52.31572238687434,-26.735540576274275,-10.160444452697673
22.66,0.0,-19.247067734519874,-10.679767931727557
22.68,0.0,-13.781615066286435,-10.948194727343514
22.7,-50.95957983725725,-24.76762608084897,-11.036970182822227
22.72,0.0,-17.794413406416254,-11.467172936227874
22.74,85.68271869461483,12.468376157416117,-11.665415197336879
22.76,17.59258352951676,14.507911644437854,-10.909266068843772
22.78,71.95910780093513,31.950121727779646,-10.112906454469828
22.8,-71.95910780093513,2.3510661270179867,-8.795006517644316
22.82,0.0,1.9069132782519205,-8.44578276773723
22.84,0.0,1.5757034742541975,-8.121416737648598
22.86,-52.31572238687434,-14.043666510222153,-7.817590915615918
22.88,-67.6538163096211,-29.932710577817545,-8.012663524208213
22.9,-97.22507451397746,-50.18899287877261,-8.699452608959712
22.92,0.0,-36.36087915796509,-9.99938427967998
22.94,0.0,-26.260903430578963,-10.825330816010865
22.96,15.862982682207871,-14.225942470587682,-11.30895125544915
22.98,0.0,-10.110736255626307,-11.40034511614543
23.0,0.0,-7.111550393300092,-11.359939669622573
23.02,64.81087046411176,14.114093833861574,-11.226831041907607
23.04,-96.40434684904662,-17.796817812023136,-10.4328605472448
23.06,-15.599657659340238,-17.3142013321403,-10.66358475407051
23.08,15.599657659340238,-7.790877814824881,-10.871958890381196
23.1,-61.629736378682765,-23.54118924524613,-10.775423839760593
23.12,-59.63735146768272,-34.429116916831504,-11.175395076936494
23.14,-85.92664915134165,-50.0742026611249,-11.903970262036658
23.16,0.0,-36.206372712862134,-13.099902867017331
23.18,-55.05945904047209,-42.25688215649441,-13.82386441867162
23.2,27.314199856228782,-22.445196712840954,-14.714714980311612
23.22,-54.20730856588065,-31.948319364449063,-14.956922967401573
23.24,13.394528920524351,-19.002013969047127,-15.489289779919746
23.26,-104.34121094725342,-44.153385890215446,-15.599348879014517
23.28,0.0,-31.81239311272286,-16.49399116225971
23.3,-12.603769475574467,-26.507610498684997,-16.97394046299271
23.32,12.603769475574467,-15.227173548646178,-17.27264513739978
23.34,-37.53066458374974,-21.73494078210254,-17.20855733882483
23.36,-72.60888922837978,-36.78244969183346,-17.35037595511887
23.38,-46.67380977152291,-40.118600040676355,-17.959212975578847
23.4,0.0,-28.821586435202562,-18.653500954243867
23.42,23.168687435271806,-13.771217602729635,-18.972082848893255
23.44,-46.00811186273148,-23.127718166333366,-18.80913167120677
23.46,-55.703293659181696,-32.79435438890772,-18.944439686703014
23.48,10.984551210376736,-20.23804520795629,-19.378379003482312
23.5,-75.31438013983482,-36.439134483895685,-19.405313679503706
23.52,-41.43993641166617,-38.285318229734244,-19.939009714528552
23.54,-60.10476789819492,-45.10205653283812,-20.513828025954208
23.56,19.768200340836373,-26.586458517067157,-21.28421537551617
23.58,-58.53054404155991,-36.0893200003936,-21.450342879960374
23.6,-74.56630540513096,-47.718207876337004,-21.909004746591044
23.62,-70.86644627075493,-55.09048360957749,-22.717647125519015
23.64,-8.611831830545214,-42.15079531592281,-23.73193832139651
23.66,25.996734969740842,-22.53579285025964,-24.309029689243577
23.68,35.42903041329666,-5.465818436058001,-24.253471427771096
23.7,-44.14852242360183,-16.41555197709046,-23.664825109118105
23.72,17.493572765459575,-6.292259156583668,-23.437694134112323
23.74,0.0,-4.0641606710323686,-22.900501053865526
23.76,-34.77081572489524,-12.669360933736229,-22.310329283706675
23.78,-50.57314706294598,-23.59261867502056,-22.008262786632063
23.8,16.65179550542284,-11.803396744046424,-22.05790311485972
23.82,-16.65179550542284,-13.001021765960985,-21.73661351964283
23.84,0.0,-8.987886729940442,-21.46291387608818
23.86,-32.70435617605507,-15.680039361949127,-21.072051919679105
23.88,16.253510854463116,-6.178287038735064,-20.90311180014217
23.9,-32.31321673172474,-13.531232473157573,-20.441760193720874
23.92,-23.733689940623037,-16.375931061776328,-20.22524263804464
23.94,-68.74205303339522,-31.676537487554768,-20.1046377338707
23.96,7.461639669400455,-20.433325037177497,-20.467203307805466
23.98,-100.69550813450192,-44.01453913648936,-20.466141849022073
24.0,-47.47043549219896,-45.55095301118257,-21.203949673105246
24.02,-39.27258249675738,-44.24499590641915,-21.966779063849945
24.04,0.0,-31.738228387037637,-22.664790163816274
24.06,19.477276271035038,-16.89127562784698,-22.949075061455186
24.08,19.795306225722342,-5.978296096675351,-22.75927480607978
24.1,33.72035827135207,6.056926219471137,-22.233500706193958
24.12,6.85601847969366,6.917662163007421,-21.347117735938998
24.14,0.0,5.510558364286666,-20.461538326824375
24.16,0.0,4.466150185142226,-19.64779223987751
24.18,-6.85601847969366,1.6731097708508003,-18.892265009150023
24.2,6.85601847969366,3.6509376908455238,-18.247919908604146
24.22,6.894058741153231,5.088338026786587,-17.561794722328457
24.24,0.0,4.094481399880223,-16.85213091995522
24.26,-40.799976785766034,-8.632568748279468,-16.19584105576829
24.28,6.706963043128056,-3.9582909583725012,-15.958871999402541
24.3,-6.706963043128056,-4.500358232741064,-15.58287517560475
24.32,-13.304710293410338,-6.8419678405433615,-15.235642724446347
24.34,-32.63833090977997,-14.235521336413726,-14.972655866931
24.36,12.949894700997788,-6.231819830027163,-14.94956029837156
24.38,-25.761826854481384,-11.777074708502155,-14.676419963284111
24.4,0.0,-8.252682221198171,-14.585578977904824
24.42,-31.440522371844892,-14.925418048425954,-14.387159496563054
24.44,12.476519389163343,-6.886319352253878,-14.404023972140564
24.46,-18.66571831215076,-10.180907325687016,-14.168482622129002
24.48,-18.374416302756558,-12.500026640704576,-14.043545701075713
24.5,0.0,-8.793221439368537,-13.99518485403117
24.52,-6.061247224069177,-7.875437090364912,-13.832199269021736
24.54,12.1541078044757,-1.8587244625532406,-13.645564667610682
24.56,0.0,-1.0518142235600436,-13.2762646758385
24.58,-6.092860580406523,-2.2624544140981584,-12.893253676036478
24.6,6.092860580406523,0.42765121167960274,-12.560174240694606
24.62,0.0,0.5893706349009875,-12.153245517707228
24.64,6.124721909814568,2.4976641059240023,-11.753999582541757
24.66,-12.21758249022109,-1.5105146543870518,-11.307472846679847
24.68,12.21758249022109,2.739727360844313,-11.000518945815584
24.7,-12.21758249022109,-1.3508880107391263,-10.570015710027256
24.72,0.0,-0.7499991806376727,-10.281166135055253
24.74,0.0,-0.3187543101070389,-9.98253988606824
24.76,0.0,-0.011279885890758123,-9.679758489900738
24.78,12.21758249022109,3.7956267660380405,-9.376830053882893
24.8,0.0,2.9718809157269988,-8.964116543681165
24.82,-12.21758249022109,-1.2268646411790485,-8.590143223701752
24.84,12.21758249022109,2.8861901592492245,-8.359440281044138
24.86,-24.308708988488092,-4.8551672131399215,-8.0070972309287
24.88,-17.903846380956878,-8.619281515222,-7.908342373020605
24.9,-34.99277270540517,-16.383850451689597,-7.930617199420028
24.92,11.545676538281313,-8.364866351816502,-8.195470113025484
24.94,-34.29019209813653,-15.985776898161674,-8.20077756001751
24.96,-44.14934915626709,-24.43281298312243,-8.444693668279452
24.98,5.42362714033402,-16.014396090077554,-8.945626253154115
25.0,5.450380021299495,-9.86419844583466,-9.167101779860166
25.02,-21.641786840971378,-13.340014958616209,-9.188942900001784
25.04,-36.87278304581021,-20.346062681677424,-9.319002428291164
25.06,-5.166596138920454,-16.130143195826463,-9.66449733532312
25.08,5.166596138920454,-10.015972005362883,-9.867076052056811
25.1,20.916909772523695,-0.9308257320103763,-9.871741193296888
25.12,0.0,-0.459511806732138,-9.591608439408185
25.14,-26.08350591144415,-7.786082991723831,-9.30548568278822
25.16,0.0,-5.464822905540601,-9.257880439012364
25.18,20.816336132585533,2.340812650508539,-9.139038061281525
25.2,21.22304305214513,8.142634654737435,-8.779356526650151
25.22,-67.5054672580913,-13.709242684252132,-8.249164287225899
25.24,10.113754781687945,-6.830578285261524,-8.42023701511713
25.26,0.0,-4.788502120929294,-8.370430540638552
25.28,62.76242140610506,15.137999206390518,-8.2582031656242
25.3,-47.41008811443237,-2.7216931062948646,-7.525163844383742
25.32,10.358063897983882,1.2275732400919281,-7.374663653221992
25.34,-20.617352845966153,-5.000387435035236,-7.105142224352521
25.36,25.833872253765477,4.105646745037461,-7.039196991121676
25.38,5.241752826802326,4.686038492978284,-6.690011744824724
25.4,-5.241752826802326,2.020844064343663,-6.333582440097407
25.42,-35.99579243041475,-8.96403642326824,-6.071825295207339
25.44,46.504715036075694,7.2693354447952885,-6.162442757327335
25.46,-5.267169778858616,3.8831554940308877,-5.741604305865061
25.48,5.267169778858616,4.5027522155976385,-5.440045647813036
25.5,-41.43583920311684,-8.77454657634189,-5.128522363771695
25.52,20.518929430593147,-0.24845418151144827,-5.242757959425697
25.54,31.528243261395872,9.19841327567923,-5.086278673034746
25.56,10.715248714116044,9.960139949855673,-4.638717110533492
25.58,-67.83129723906391,-12.572875854970178,-4.181312267633226
25.6,35.99579243041475,1.5114927098338171,-4.444232974951333
25.62,5.241752826802326,2.739262803990883,-4.257630848501463
25.64,-5.241752826802326,0.5491606163932516,-4.03840731417481
25.66,-35.99579243041475,-10.086667569207464,-3.8946716929617486
25.68,46.504715036075694,6.403535436106722,-4.088676531100609
25.7,-5.267169778858616,3.206696831356126,-3.7599392507310236
25.72,10.55994182703408,5.521309436582911,-3.541663733032007
25.74,-46.72861125129231,-9.62979834286024,-3.257706721759876
25.76,46.72861125129231,6.78796968554245,-3.457354239016806
25.78,-10.55994182703408,1.9176391456522168,-3.1363523440882988
25.8,10.55994182703408,4.568672773997662,-2.9780029490759703
25.82,-56.84236603298025,-13.30762771163485,-2.741553889450767
25.84,56.84236603298025,7.069472327920678,-3.072605376338871
25.86,-15.801694653836407,0.5740606140125948,-2.754838345686445
25.88,-10.407987166862753,-2.5789377191411944,-2.650538776248
25.9,0.0,-1.8196315536869179,-2.648295404034548
25.92,42.243491975511915,11.144962055042384,-2.6223320798703615
25.94,-21.32658220298822,1.9090591991719918,-2.1909813936561817
25.96,-15.725442013460267,-3.1814451283402434,-2.0625207603689497
25.98,15.725442013460267,2.348861105461353,-2.0975783969107704
26.0,0.0,1.7571201888483046,-1.958264548324199
26.02,-15.725442013460267,-3.2972535753955867,-1.8418557798164497
26.04,-10.358063897983882,-5.404003937975332,-1.8874556509084472
26.06,36.694839400316326,6.8873192215491486,-1.9976345649250247
26.08,-15.878503267730792,0.39504385090047833,-1.7192551771368345
26.1,0.0,0.3257563006581421,-1.65301090809829
26.12,5.267169778858616,1.8213832590340928,-1.5910130612453837
26.14,21.32658220298822,7.627740362330826,-1.4840973899476713
26.16,-42.243491975511915,-6.823399914023298,-1.1986093754837044
26.18,5.191467759063428,-3.417745918235937,-1.3748427903315315
26.2,37.05202421644849,8.427542409681976,-1.4388501150429265
26.22,-16.033810154812755,1.4588158570035148,-1.129720728811109
26.24,-15.801694653836407,-3.5552491517702123,-1.0486178612730175
26.26,10.508922605660942,0.5215065588238588,-1.1271545088267259
26.28,10.611333488872177,3.5224933987780815,-1.0754993995585758
26.3,-10.611333488872177,-0.5284543832662081,-0.9314371510633715
26.32,15.955873273286514,4.323749356158402,-0.9188110756909429
26.34,-5.344539784414337,1.5990902341137314,-0.7545535231437892
26.36,-10.611333488872177,-1.9363977239745367,-0.6808102123778672
26.38,0.0,-1.3952426323651679,-0.7201497172523785
26.4,21.32658220298822,5.265756908257302,-0.7413014257390662
26.42,-5.370708929701706,2.2735514654240063,-0.5530909677430431
26.44,-10.663101225111049,-1.4648454592013138,-0.4645278745687128
26.46,10.663101225111049,2.0763534486235358,-0.49586937656140084
26.48,-21.22304305214513,-4.712367517778304,-0.41527764445585036
26.5,0.0,-3.422896398277686,-0.5499121374373822
26.52,-5.241752826802326,-4.020865173140109,-0.6399271919754635
26.54,10.508922605660942,0.17334905482115914,-0.7458572246987911
26.56,0.0,0.14275542164163824,-0.7170570657454143
26.58,-5.267169778858616,-1.427719385391768,-0.6901178064533926
26.6,5.267169778858616,0.5229968276161401,-0.7132280083645152
26.62,5.292772048175465,1.9517649924697622,-0.6744951661596736
26.64,-5.292772048175465,-0.1186557485166162,-0.5922103605544193
26.66,0.0,-0.07331544992865702,-0.5773731598045314
26.68,5.292772048175465,1.5144562904684022,-0.5615802496715917
26.7,-15.801694653836407,-3.527296089567855,-0.4965348037459347
26.72,-5.216519407799325,-4.090668118453422,-0.5914932572793288
26.74,10.458272234601651,0.10655725228190249,-0.7011278349065522
26.76,5.267169778858616,1.6406761065731246,-0.6758218079422447
26.78,0.0,1.2098811476946025,-0.6032423340639355
26.8,0.0,0.8945211112965978,-0.5464343621862772
26.82,-5.267169778858616,-0.8839728499690835,-0.5012869914538776
26.84,5.267169778858616,0.9148371584970505,-0.5132771331663566
26.86,0.0,0.6776457761095145,-0.46853209658440165
26.88,0.0,0.5039058641806093,-0.4326205654537976
26.9,0.0,0.37657401779469524,-0.40327773932385014
26.92,-5.267169778858616,-1.2643686238423157,-0.3788437737760836
26.94,-5.241752826802326,-2.4525635040415494,-0.4065886412854593
26.96,5.241752826802326,-0.23715299280873126,-0.47069220821578983
26.98,5.267169778858616,1.3852483941064975,-0.4633750622438537
27.0,0.0,1.0191488909647717,-0.40545482108141684
27.02,0.0,0.7512318323296796,-0.36081977640578966
27.04,0.0,0.5551164035701106,-0.3259774740744122
27.06,-10.508922605660942,-2.676131985854724,-0.29837143580598374
27.08,15.801694653836407,2.7002582975132583,-0.37287036310903365
27.1,0.0,1.9748869513172451,-0.276584473987054
27.12,-10.55994182703408,-1.658175650954874,-0.20604238090909657
27.14,0.0,-1.2031142099854009,-0.25153996935098183
27.16,-5.241752826802326,-2.410767757307397,-0.2813542667473354
27.18,10.508922605660942,1.3380723095792746,-0.3480720953479126
27.2,-5.267169778858616,-0.5653171122581568,-0.29524257496473794
27.22,5.267169778858616,1.1423597666471608,-0.303704429258611
27.24,0.0,0.8387167526677786,-0.2583969943261423
27.26,0.0,0.6165667211558201,-0.22402271838030988
27.28,0.0,0.4540111039208483,-0.1976857470034202
27.3,0.0,0.33503678619197785,-0.17726707350847087
27.32,0.0,0.24793430181908604,-0.16121579870701158
27.34,0.0,0.18414116357128307,-0.14839649123112078
27.36,-10.508922605660942,-2.950247724362498,-0.13797757054958523
27.38,5.241752826802326,-0.6055668278751369,-0.22609035791210913
27.4,-5.241752826802326,-1.976128529716803,-0.23797994450164459
27.42,10.508922605660942,1.6536665909669068,-0.29243883654154557
27.44,-5.267169778858616,-0.3366962128222184,-0.2314643339722931
27.46,5.267169778858616,1.3074564894282048,-0.2347614120116484
27.48,0.0,0.9574336311587217,-0.18644133229526613
27.5,5.292772048175465,2.2565158748964365,-0.15060195488429373
27.52,-10.55994182703408,-1.4558487546697307,-0.07518321845727444
27.54,10.55994182703408,2.043981814620466,-0.1184416119107303
27.56,0.0,1.491281895442853,-0.050689530798850094
27.58,-15.801694653836407,-3.555478290001446,-0.002377173532844258
27.6,-5.216519407799325,-4.122127339425319,-0.11370134440898547
27.62,5.216519407799325,-1.4670145595914619,-0.23929155019999715
27.64,10.508922605660942,2.0244906148612074,-0.277758016986593
27.66,0.0,1.4806112063389776,-0.2056249952430601
27.68,-5.267169778858616,-0.46465577150556214,-0.15279259872825499
27.7,5.267169778858616,1.212521019346724,-0.16256375580996762
27.72,5.292772048175465,2.441771362056855,-0.11948021625935049
27.74,-5.292772048175465,0.22594266739446311,-0.03923223034088187
27.76,-5.267169778858616,-1.3821304584205052,-0.03092388935652071
27.78,10.55994182703408,2.096692625740104,-0.0732592876614667
27.8,-10.55994182703408,-1.5739616004069035,-0.005271327374919213
27.82,-5.241752826802326,-2.686310162701133,-0.05442082756710726
27.84,5.241752826802326,-0.41518609235957626,-0.1368820040063461
27.86,5.267169778858616,1.2481984584361783,-0.1456017029036695
27.88,0.0,0.9123024119627843,-0.10193178126564173
27.9,0.0,0.6666982660725296,-0.07015425033300238
27.92,-5.267169778858616,-1.0604376571230034,-0.04706751771326036
27.94,10.55994182703408,2.331343298412847,-0.07881797649911419
27.96,0.0,1.6996946721910433,-0.003303884213998687
27.98,0.0,1.2379850990360097,0.05005370288543363
28.0,-10.55994182703408,-2.2020990233290405,0.08727343668958523
28.02,0.0,-1.6057512990595768,0.015543845387784416
28.04,-5.241752826802326,-2.7099236120157855,-0.03525384704616673
28.06,5.241752826802326,-0.43280819419884153,-0.11905540072912726
28.08,0.0,-0.31258619571552515,-0.12888576255902318
28.1,5.267169778858616,1.3227465094271196,-0.13464138215452873
28.12,0.0,0.9663543184501577,-0.08897915826699275
28.14,0.0,0.7057784550418944,-0.05591392301409586
28.16,-5.267169778858616,-1.032290076379283,-0.03204891898797288
28.18,10.55994182703408,2.351511283834995,-0.06338802639662183
28.2,0.0,1.7140419023906617,0.012274515886464846
28.22,0.0,1.2480897051563744,0.06559352852264413
28.24,-10.55994182703408,-2.195083527652386,0.10264296846618917
28.26,0.0,-1.6009818788869978,0.030651632251490063
28.28,-5.241752826802326,-2.7067842494727046,-0.020469977251633853
28.3,10.508922605660942,1.116706934714884,-0.10463637141407987
28.32,-10.508922605660942,-2.2720149389467537,-0.06636979062926662
28.34,10.508922605660942,1.4343712348413362,-0.13547607534639133
28.36,0.0,1.0476706746757714,-0.08629032338488321
28.38,5.292772048175465,2.320020868450001,-0.050761565891927166
28.4,-15.801694653836407,-2.9518942209268317,0.023518726218961658
28.42,15.801694653836407,2.4922945739319857,-0.06970557798669043
28.44,0.0,1.8167161729039094,0.01056586190420157
28.46,-15.801694653836407,-3.3198151755598815,0.06715535352260099
28.48,5.241752826802326,-0.8792668672338522,-0.03896368828693729
28.5,-5.241752826802326,-2.1796085526624154,-0.06529169067540978
28.52,10.508922605660942,1.5016482767386208,-0.13153651847925577
28.54,0.0,1.0965823422594667,-0.08036630483900195
28.56,-5.267169778858616,-0.7471209697342829,-0.04349067760318844
28.58,5.267169778858616,1.0043791541306746,-0.06553650638970378
28.6,-20.916909772523695,-5.412677778859631,-0.03201438869292389
28.62,20.916909772523695,2.2042090999125463,-0.20059892120103362
28.64,-5.267169778858616,0.06223974142116617,-0.125252554663399
28.66,10.55994182703408,3.1507352633269647,-0.11937813011901874
28.68,-10.55994182703408,-0.8052668117596085,-0.01692040368139998
28.7,0.0,-0.5861129832211986,-0.04162051982380025
28.72,0.0,-0.42595359380364073,-0.058680313522056625
28.74,5.267169778858616,1.2386260439612329,-0.07018755524472522
28.76,0.0,0.9036620735688672,-0.029180394461240204
28.78,0.0,0.6587956882370349,4.700743570940427e-5
28.8,-5.267169778858616,-1.0677464892705046,0.020686625702139694
28.82,5.267169778858616,0.7694430060787738,-0.013415672573821584
28.84,0.0,0.5606932072826254,0.011112504491068157
28.86,5.292772048175465,1.9631930646824003,0.028331720624332406
28.88,-10.55994182703408,-1.6734390449503422,0.08895392861307003
28.9,5.267169778858616,0.32679795351278074,0.03373542226927421
28.92,-10.508922605660942,-2.850378585583968,0.04291752608116292
28.94,0.0,-2.0769211804285703,-0.047733930258587506
28.96,5.241752826802326,0.028492685777692373,-0.11131151523937349
28.98,5.267169778858616,1.570770301292157,-0.10693123270503423
29.0,0.0,1.1463804877202222,-0.05436624056783444
29.02,0.0,0.8361282504388612,-0.016744982523886322
29.04,-5.267169778858616,-0.9382211027130438,0.009976859160259168
29.06,10.55994182703408,2.419093204571965,-0.019731654183964532
29.08,-5.292772048175465,0.20721880578271623,0.0566805126566351
29.1,5.292772048175465,1.7047443537958173,0.06139711095148146
29.12,-10.55994182703408,-1.8624025503960695,0.1128857298436576
29.14,0.0,-1.358912184785055,0.050996883218993094
29.16,-5.241752826802326,-2.530931579389417,0.006822244541018839
29.18,10.508922605660942,1.2441790883706005,-0.07268952027404868
29.2,-5.267169778858616,-0.6397939998851854,-0.03142998354691615
29.22,5.267169778858616,1.082280070322028,-0.05049097210021966
29.24,0.0,0.7893572533731685,-0.014999497763719845
29.26,5.292772048175465,2.130310121245671,0.01020224726793997
29.28,-10.55994182703408,-1.5513241644768527,0.07662851646264765
29.3,10.55994182703408,1.9710867219220773,0.02562223308073759
29.32,0.0,1.435003801051593,0.0865766540470814
29.34,-15.801694653836407,-3.5995035814256227,0.12882496874641852
29.36,5.241752826802326,-1.0843324434571144,0.012010650494133454
29.38,-5.241752826802326,-2.330088608788472,-0.02233947969613665
29.4,10.508922605660942,1.391101134877104,-0.09464484055276151
29.42,-5.267169778858616,-0.5323027841598105,-0.04809411389860877
29.44,0.0,-0.3866196197858329,-0.06326512282318912
29.46,5.267169778858616,1.267374984533376,-0.0733963209212593
29.48,0.0,0.9246713362216497,-0.03138787561626618
29.5,0.0,0.67414587810255,-0.0014330571133369906
29.52,-5.267169778858616,-1.0565339780495009,0.019733879137286862
29.54,10.55994182703408,2.3327083576763386,-0.013987262736955029
29.56,-10.55994182703408,-1.403379410667327,0.05953835212109068
29.58,0.0,-1.023418688498623,0.01370286878864501
29.6,0.0,-0.7456736923991514,-0.018791758771385683
29.62,5.267169778858616,1.004886739252342,-0.04156609756262403
29.64,0.0,0.7327931092397932,-0.008779106536821735
29.66,0.0,0.5338979734315075,0.014455501587188856
29.68,-5.267169778858616,-1.1590300875649717,0.03073044018319544
29.7,5.267169778858616,0.7027376235484439,-0.006546603151948136
29.72,5.292772048175465,2.0670367744735074,0.01567637217711323
29.74,0.0,1.5051056617988223,0.0799486764172824
29.76,-10.55994182703408,-2.0082127434015717,0.12460105600495086
29.78,10.55994182703408,1.6372667804173346,0.05777669045238834
29.8,-15.801694653836407,-3.4515553264849785,0.10726456566579395
29.82,-5.216519407799325,-4.048864685808695,-0.004238783325568304
29.84,10.458272234601651,0.12400971260397853,-0.13096318838432525
29.86,5.267169778858616,1.640771533774199,-0.12297449178719577
29.88,0.0,1.197718361688871,-0.06771359222494058
29.9,0.0,0.8738136832498355,-0.028065645698265113
29.92,-5.267169778858616,-0.9105237809880151,0.00019163300965162333
29.94,5.267169778858616,0.8844040302758316,-0.028342493952703628
29.96,0.0,0.6447512398466415,0.0002552708446081596
